source_file	tokens	prep_errors	tok_errors	warnings	skipped	prep_error_detail	tok_error_detail
tlg0001.tlg001.perseus-grc2.xml	38806	0	0	0			
tlg0003.tlg001.1st1K-eng1.xml	229497	0	0	0			
tlg0003.tlg001.1st1K-eng2.xml	225079	0	0	0			
tlg0003.tlg001.1st1K-fre1.xml	188908	0	0	0			
tlg0003.tlg001.1st1K-fre2.xml	211088	0	0	0			
tlg0003.tlg001.1st1K-ger1.xml	5472	0	0	0			
tlg0003.tlg001.1st1K-ger2.xml	238061	0	0	0			
tlg0003.tlg001.1st1K-ger3.xml	219974	0	0	0			
tlg0003.tlg001.1st1K-ger4.xml	2884	0	0	0			
tlg0003.tlg001.1st1K-ita1.xml	188537	0	0	0			
tlg0003.tlg001.1st1K-lat2.xml	159115	0	0	0			
tlg0003.tlg001.perseus-eng4.xml	224670	0	0	0			
tlg0003.tlg001.perseus-eng6.xml	204149	0	0	0			
tlg0003.tlg001.perseus-grc2.xml	150343	0	0	0			
tlg0004.tlg001.perseus-eng2.xml	158157	0	0	0			
tlg0004.tlg001.perseus-grc2.xml	109695	0	0	0			
tlg0005.tlg001.perseus-grc2.xml	19434	0	0	0			
tlg0005.tlg002.perseus-grc2.xml	1845	0	0	0			
tlg0006.tlg001.perseus-eng2.xml	6303	0	0	0			
tlg0006.tlg001.perseus-grc2.xml	4130	0	0	0			
tlg0006.tlg002.perseus-eng2.xml	10249	0	0	0			
tlg0006.tlg002.perseus-grc2.xml	6557	0	0	0			
tlg0006.tlg003.perseus-eng2.xml	12841	0	0	0			
tlg0006.tlg003.perseus-grc2.xml	7961	0	0	0			
tlg0006.tlg004.perseus-eng2.xml	9519	0	0	0			
tlg0006.tlg004.perseus-grc2.xml	6231	0	0	0			
tlg0006.tlg005.perseus-eng2.xml	12033	0	0	0			
tlg0006.tlg005.perseus-grc2.xml	8149	0	0	0			
tlg0006.tlg006.perseus-eng2.xml	11411	0	0	0			
tlg0006.tlg006.perseus-grc2.xml	7260	0	0	0			
tlg0006.tlg007.perseus-eng2.xml	11044	0	0	0			
tlg0006.tlg007.perseus-grc2.xml	7233	0	0	0			
tlg0006.tlg008.perseus-eng2.xml	10963	0	0	0			
tlg0006.tlg008.perseus-grc2.xml	7043	0	0	0			
tlg0006.tlg009.perseus-eng2.xml	12628	0	0	0			
tlg0006.tlg009.perseus-grc2.xml	7932	0	0	0			
tlg0006.tlg010.perseus-eng2.xml	14759	0	0	0			
tlg0006.tlg010.perseus-grc2.xml	9208	0	0	0			
tlg0006.tlg011.perseus-eng2.xml	11385	0	0	0			
tlg0006.tlg011.perseus-grc2.xml	7164	0	0	0			
tlg0006.tlg012.perseus-eng2.xml	11673	0	0	0			
tlg0006.tlg012.perseus-grc2.xml	7664	0	0	0			
tlg0006.tlg013.perseus-eng2.xml	12361	0	0	0			
tlg0006.tlg013.perseus-grc2.xml	8391	0	0	0			
tlg0006.tlg014.perseus-eng2.xml	15193	0	0	0			
tlg0006.tlg014.perseus-grc2.xml	9884	0	0	0			
tlg0006.tlg015.perseus-eng2.xml	14568	0	0	0			
tlg0006.tlg015.perseus-grc2.xml	9744	0	0	0			
tlg0006.tlg016.perseus-eng2.xml	14686	0	0	0			
tlg0006.tlg016.perseus-grc2.xml	9878	0	0	0			
tlg0006.tlg017.perseus-eng2.xml	11182	0	0	0			
tlg0006.tlg017.perseus-grc2.xml	7625	0	0	0			
tlg0006.tlg018.perseus-eng2.xml	14308	0	0	0			
tlg0006.tlg018.perseus-grc2.xml	9340	0	0	0			
tlg0006.tlg019.perseus-eng3.xml	8656	0	0	0			
tlg0006.tlg019.perseus-eng4.xml	8400	0	0	0			
tlg0006.tlg019.perseus-grc2.xml	5431	0	0	0			
tlg0007.tlg001.perseus-eng3.xml	11399	0	0	0			
tlg0007.tlg001.perseus-grc2.xml	7423	0	0	0			
tlg0007.tlg002.perseus-eng2.xml	13624	0	0	0			
tlg0007.tlg002.perseus-grc2.xml	9215	0	0	0			
tlg0007.tlg003.perseus-eng2.xml	1729	0	0	0			
tlg0007.tlg003.perseus-grc2.xml	1160	0	0	0			
tlg0007.tlg004.perseus-eng2.xml	13962	0	0	0			
tlg0007.tlg004.perseus-grc2.xml	9392	0	0	0			
tlg0007.tlg005.perseus-eng2.xml	10898	0	0	0			
tlg0007.tlg005.perseus-grc2.xml	7508	0	0	0			
tlg0007.tlg006.perseus-eng2.xml	2377	0	0	0			
tlg0007.tlg006.perseus-grc2.xml	1591	0	0	0			
tlg0007.tlg007.perseus-eng2.xml	12620	0	0	0			
tlg0007.tlg007.perseus-grc2.xml	8621	0	0	0			
tlg0007.tlg008.perseus-eng2.xml	8708	0	0	0			
tlg0007.tlg008.perseus-grc2.xml	5844	0	0	0			
tlg0007.tlg009.perseus-eng2.xml	1397	0	0	0			
tlg0007.tlg009.perseus-grc2.xml	944	0	0	0			
tlg0007.tlg010.perseus-eng2.xml	12100	0	0	0			
tlg0007.tlg010.perseus-grc2.xml	7924	0	0	0			
tlg0007.tlg011.perseus-eng2.xml	16228	0	0	0			
tlg0007.tlg011.perseus-grc2.xml	11041	0	0	0			
tlg0007.tlg012.perseus-eng2.xml	15524	0	0	0			
tlg0007.tlg012.perseus-grc2.xml	10045	0	0	0			
tlg0007.tlg013.perseus-eng2.xml	11414	0	0	0			
tlg0007.tlg013.perseus-grc2.xml	7714	0	0	0			
tlg0007.tlg014.perseus-eng2.xml	1072	0	0	0			
tlg0007.tlg014.perseus-grc2.xml	723	0	0	0			
tlg0007.tlg015.perseus-eng2.xml	15410	0	0	0			
tlg0007.tlg015.perseus-grc2.xml	10103	0	0	0			
tlg0007.tlg016.perseus-eng2.xml	14303	0	0	0			
tlg0007.tlg016.perseus-grc2.xml	9337	0	0	0			
tlg0007.tlg017.perseus-eng2.xml	1737	0	0	0			
tlg0007.tlg017.perseus-grc2.xml	1072	0	0	0			
tlg0007.tlg018.perseus-eng2.xml	13501	0	0	0			
tlg0007.tlg018.perseus-grc2.xml	9052	0	0	0			
tlg0007.tlg019.perseus-eng2.xml	14500	0	0	0			
tlg0007.tlg019.perseus-grc2.xml	9616	0	0	0			
tlg0007.tlg020.perseus-eng2.xml	748	0	0	0			
tlg0007.tlg020.perseus-grc2.xml	483	0	0	0			
tlg0007.tlg021.perseus-eng2.xml	13422	0	0	0			
tlg0007.tlg021.perseus-grc2.xml	9411	0	0	0			
tlg0007.tlg022.perseus-eng2.xml	12329	0	0	0			
tlg0007.tlg022.perseus-grc2.xml	8424	0	0	0			
tlg0007.tlg023.perseus-eng2.xml	1137	0	0	0			
tlg0007.tlg023.perseus-grc2.xml	804	0	0	0			
tlg0007.tlg024.perseus-eng2.xml	12108	0	0	0			
tlg0007.tlg024.perseus-grc2.xml	8148	0	0	0			
tlg0007.tlg025.perseus-eng2.xml	11889	0	0	0			
tlg0007.tlg025.perseus-grc2.xml	8067	0	0	0			
tlg0007.tlg026.perseus-eng2.xml	2164	0	0	0			
tlg0007.tlg026.perseus-grc2.xml	1464	0	0	0			
tlg0007.tlg027.perseus-eng2.xml	8670	0	0	0			
tlg0007.tlg027.perseus-grc2.xml	5687	0	0	0			
tlg0007.tlg028.perseus-eng2.xml	9097	0	0	0			
tlg0007.tlg028.perseus-grc2.xml	5821	0	0	0			
tlg0007.tlg029.perseus-eng2.xml	912	0	0	0			
tlg0007.tlg029.perseus-grc2.xml	550	0	0	0			
tlg0007.tlg030.perseus-eng2.xml	16600	0	0	0			
tlg0007.tlg030.perseus-grc2.xml	10873	0	0	0			
tlg0007.tlg031.perseus-eng2.xml	19615	0	0	0			
tlg0007.tlg031.perseus-grc2.xml	12788	0	0	0			
tlg0007.tlg032.perseus-eng2.xml	12020	0	0	0			
tlg0007.tlg032.perseus-grc2.xml	8135	0	0	0			
tlg0007.tlg033.perseus-eng2.xml	16979	0	0	0			
tlg0007.tlg033.perseus-grc2.xml	11492	0	0	0			
tlg0007.tlg034.perseus-eng2.xml	1855	0	0	0			
tlg0007.tlg034.perseus-grc2.xml	1237	0	0	0			
tlg0007.tlg035.perseus-eng2.xml	8465	0	0	0			
tlg0007.tlg035.perseus-grc2.xml	5853	0	0	0			
tlg0007.tlg036.perseus-eng2.xml	20076	0	0	0			
tlg0007.tlg036.perseus-grc2.xml	13328	0	0	0			
tlg0007.tlg037.perseus-eng2.xml	1383	0	0	0			
tlg0007.tlg037.perseus-grc2.xml	988	0	0	0			
tlg0007.tlg038.perseus-eng2.xml	14165	0	0	0			
tlg0007.tlg038.perseus-grc2.xml	9074	0	0	0			
tlg0007.tlg039.perseus-eng2.xml	15566	0	0	0			
tlg0007.tlg039.perseus-grc2.xml	10215	0	0	0			
tlg0007.tlg040.perseus-eng2.xml	1874	0	0	0			
tlg0007.tlg040.perseus-grc2.xml	1210	0	0	0			
tlg0007.tlg041.perseus-eng2.xml	8301	0	0	0			
tlg0007.tlg041.perseus-grc2.xml	5510	0	0	0			
tlg0007.tlg042.perseus-eng2.xml	10496	0	0	0			
tlg0007.tlg042.perseus-grc2.xml	6650	0	0	0			
tlg0007.tlg043.perseus-eng2.xml	627	0	0	0			
tlg0007.tlg043.perseus-grc2.xml	401	0	0	0			
tlg0007.tlg044.perseus-eng2.xml	15925	0	0	0			
tlg0007.tlg044.perseus-grc2.xml	10721	0	0	0			
tlg0007.tlg045.perseus-eng2.xml	30611	0	0	0			
tlg0007.tlg045.perseus-grc2.xml	20100	0	0	0			
tlg0007.tlg046.perseus-eng2.xml	1779	0	0	0			
tlg0007.tlg046.perseus-grc2.xml	1083	0	0	0			
tlg0007.tlg047.perseus-eng2.xml	30351	0	0	0			
tlg0007.tlg047.perseus-grc2.xml	19878	0	0	0			
tlg0007.tlg048.perseus-eng2.xml	23814	0	0	0			
tlg0007.tlg048.perseus-grc2.xml	16010	0	0	0			
tlg0007.tlg049.perseus-eng2.xml	12411	0	0	0			
tlg0007.tlg049.perseus-grc2.xml	8160	0	0	0			
tlg0007.tlg050.perseus-eng2.xml	25459	0	0	0			
tlg0007.tlg050.perseus-grc2.xml	16627	0	0	0			
tlg0007.tlg051.perseus-eng1.xml	20085	0	0	0			
tlg0007.tlg051.perseus-grc1.xml	13416	0	0	0			
tlg0007.tlg052.perseus-eng1.xml	14096	0	0	0			
tlg0007.tlg052.perseus-grc1.xml	9180	0	0	0			
tlg0007.tlg053.perseus-eng2.xml	1579	0	0	0			
tlg0007.tlg053.perseus-grc2.xml	980	0	0	0			
tlg0007.tlg054.perseus-eng2.xml	10313	0	0	0			
tlg0007.tlg054.perseus-grc2.xml	6821	0	0	0			
tlg0007.tlg055.perseus-eng2.xml	17602	0	0	0			
tlg0007.tlg055.perseus-grc2.xml	11957	0	0	0			
tlg0007.tlg056.perseus-eng2.xml	1479	0	0	0			
tlg0007.tlg056.perseus-grc2.xml	980	0	0	0			
tlg0007.tlg057.perseus-eng2.xml	18614	0	0	0			
tlg0007.tlg057.perseus-grc2.xml	12291	0	0	0			
tlg0007.tlg058.perseus-eng2.xml	28105	0	0	0			
tlg0007.tlg058.perseus-grc2.xml	18469	0	0	0			
tlg0007.tlg059.perseus-eng2.xml	1279	0	0	0			
tlg0007.tlg059.perseus-grc2.xml	884	0	0	0			
tlg0007.tlg060.perseus-eng2.xml	17370	0	0	0			
tlg0007.tlg060.perseus-grc2.xml	11762	0	0	0			
tlg0007.tlg061.perseus-eng2.xml	17608	0	0	0			
tlg0007.tlg061.perseus-grc2.xml	11861	0	0	0			
tlg0007.tlg062.perseus-eng2.xml	1405	0	0	0			
tlg0007.tlg062.perseus-grc2.xml	940	0	0	0			
tlg0007.tlg063.perseus-eng2.xml	17552	0	0	0			
tlg0007.tlg063.perseus-grc2.xml	11756	0	0	0			
tlg0007.tlg064.perseus-eng2.xml	11131	0	0	0			
tlg0007.tlg064.perseus-grc2.xml	7346	0	0	0			
tlg0007.tlg065.perseus-eng2.xml	9670	0	0	0			
tlg0007.tlg065.perseus-grc2.xml	6146	0	0	0			
tlg0007.tlg066.perseus-eng2.xml	6306	0	0	0			
tlg0007.tlg066.perseus-grc2.xml	4130	0	0	0			
tlg0007.tlg067.perseus-eng3.xml	9271	0	0	0			
tlg0007.tlg067.perseus-eng4.xml	10034	0	0	0			
tlg0007.tlg067.perseus-grc2.xml	6134	0	0	0			
tlg0007.tlg068.perseus-eng3.xml	15341	0	0	0			
tlg0007.tlg068.perseus-eng4.xml	16219	0	0	0			
tlg0007.tlg068.perseus-grc2.xml	9847	0	0	0			
tlg0007.tlg069.perseus-eng3.xml	8619	0	0	0			
tlg0007.tlg069.perseus-eng4.xml	7412	0	0	0			
tlg0007.tlg069.perseus-grc2.xml	5113	0	0	0			
tlg0007.tlg070.perseus-eng3.xml	19018	0	0	0			
tlg0007.tlg070.perseus-eng4.xml	18677	0	0	0			
tlg0007.tlg070.perseus-grc2.xml	11753	0	0	0			
tlg0007.tlg071.perseus-eng3.xml	8680	0	0	0			
tlg0007.tlg071.perseus-eng4.xml	9683	0	0	0			
tlg0007.tlg071.perseus-grc2.xml	5039	0	0	0			
tlg0007.tlg072.perseus-eng3.xml	5119	0	0	0			
tlg0007.tlg072.perseus-eng4.xml	6001	0	0	0			
tlg0007.tlg072.perseus-grc2.xml	2993	0	0	0			
tlg0007.tlg073.perseus-eng3.xml	3239	0	0	0			
tlg0007.tlg073.perseus-eng4.xml	3250	0	0	0			
tlg0007.tlg073.perseus-grc2.xml	1810	0	0	0			
tlg0007.tlg074.perseus-eng3.xml	2012	0	0	0			
tlg0007.tlg074.perseus-eng4.xml	1893	0	0	0			
tlg0007.tlg074.perseus-grc2.xml	1255	0	0	0			
tlg0007.tlg075.perseus-eng3.xml	1040	0	0	0			
tlg0007.tlg075.perseus-eng4.xml	990	0	0	0			
tlg0007.tlg075.perseus-grc2.xml	664	0	0	0			
tlg0007.tlg076.perseus-eng3.xml	14163	0	0	0			
tlg0007.tlg076.perseus-eng4.xml	13610	0	0	0			
tlg0007.tlg076.perseus-grc2.xml	9234	0	0	0			
tlg0007.tlg077.perseus-eng3.xml	11488	0	0	0			
tlg0007.tlg077.perseus-eng4.xml	10061	0	0	0			
tlg0007.tlg077.perseus-grc2.xml	6891	0	0	0			
tlg0007.tlg078.perseus-eng3.xml	6137	0	0	0			
tlg0007.tlg078.perseus-eng4.xml	6770	0	0	0			
tlg0007.tlg078.perseus-grc2.xml	3707	0	0	0			
tlg0007.tlg079.perseus-eng3.xml	14372	0	0	0			
tlg0007.tlg079.perseus-eng4.xml	13101	0	0	0			
tlg0007.tlg079.perseus-grc2.xml	8732	0	0	0			
tlg0007.tlg080.perseus-eng3.xml	5860	0	0	0			
tlg0007.tlg080.perseus-eng4.xml	5172	0	0	0			
tlg0007.tlg080.perseus-grc2.xml	3326	0	0	0			
tlg0007.tlg081.perseus-eng3.xml	26932	0	0	0			
tlg0007.tlg081.perseus-eng4.xml	22367	0	0	0			
tlg0007.tlg081.perseus-grc3.xml	16062	0	0	0			
tlg0007.tlg081.perseus-grc4.xml	16070	0	0	0			
tlg0007.tlg082.perseus-eng3.xml	22046	0	0	0			
tlg0007.tlg082.perseus-eng4.xml	17885	0	0	0			
tlg0007.tlg082.perseus-grc3.xml	13551	0	0	0			
tlg0007.tlg082.perseus-grc4.xml	13476	0	0	0			
tlg0007.tlg082a.perseus-eng2.xml	2832	0	0	0			
tlg0007.tlg082a.perseus-grc3.xml	1615	0	0	0			
tlg0007.tlg082a.perseus-grc4.xml	1617	0	0	0			
tlg0007.tlg082b.perseus-eng2.xml	1832	0	0	0			
tlg0007.tlg082b.perseus-grc3.xml	1085	0	0	0			
tlg0007.tlg082b.perseus-grc4.xml	1090	0	0	0			
tlg0007.tlg083.perseus-eng3.xml	14952	0	0	0			
tlg0007.tlg083.perseus-eng4.xml	14411	0	0	0			
tlg0007.tlg083.perseus-grc3.xml	9461	0	0	0			
tlg0007.tlg083.perseus-grc4.xml	9437	0	0	0			
tlg0007.tlg084a.perseus-eng3.xml	21579	0	0	0			
tlg0007.tlg084a.perseus-eng4.xml	19991	0	0	0			
tlg0007.tlg084a.perseus-grc3.xml	13477	0	0	0			
tlg0007.tlg084a.perseus-grc4.xml	13456	0	0	0			
tlg0007.tlg084b.perseus-eng3.xml	9428	0	0	0			
tlg0007.tlg084b.perseus-eng4.xml	8576	0	0	0			
tlg0007.tlg084b.perseus-grc3.xml	5932	0	0	0			
tlg0007.tlg084b.perseus-grc4.xml	5928	0	0	0			
tlg0007.tlg085.perseus-eng3.xml	7841	0	0	0			
tlg0007.tlg085.perseus-eng4.xml	8270	0	0	0			
tlg0007.tlg085.perseus-grc3.xml	4735	0	0	0			
tlg0007.tlg085.perseus-grc4.xml	4728	0	0	0			
tlg0007.tlg086.perseus-eng3.xml	7305	0	0	0			
tlg0007.tlg086.perseus-eng4.xml	7271	0	0	0			
tlg0007.tlg086.perseus-grc3.xml	4602	0	0	0			
tlg0007.tlg086.perseus-grc4.xml	4575	0	0	0			
tlg0007.tlg087.perseus-eng3.xml	13475	0	0	0			
tlg0007.tlg087.perseus-eng4.xml	13396	0	0	0			
tlg0007.tlg087.perseus-grc3.xml	8353	0	0	0			
tlg0007.tlg087.perseus-grc4.xml	8320	0	0	0			
tlg0007.tlg088.perseus-eng3.xml	4395	0	0	0			
tlg0007.tlg088.perseus-eng4.xml	3837	0	0	0			
tlg0007.tlg088.perseus-grc3.xml	2689	0	0	0			
tlg0007.tlg088.perseus-grc4.xml	2680	0	0	0			
tlg0007.tlg089.perseus-eng3.xml	25387	0	0	0			
tlg0007.tlg089.perseus-eng4.xml	25614	0	0	0			
tlg0007.tlg089.perseus-grc2.xml	15858	0	0	0			
tlg0007.tlg090.perseus-eng3.xml	8232	0	0	0			
tlg0007.tlg090.perseus-eng4.xml	6797	0	0	0			
tlg0007.tlg090.perseus-grc2.xml	4870	0	0	0			
tlg0007.tlg091.perseus-eng3.xml	11535	0	0	0			
tlg0007.tlg091.perseus-eng4.xml	11366	0	0	0			
tlg0007.tlg091.perseus-grc2.xml	7097	0	0	0			
tlg0007.tlg092.perseus-eng3.xml	21435	0	0	0			
tlg0007.tlg092.perseus-eng4.xml	20894	0	0	0			
tlg0007.tlg092.perseus-grc2.xml	13537	0	0	0			
tlg0007.tlg093.perseus-eng3.xml	1331	0	0	0			
tlg0007.tlg093.perseus-eng4.xml	1111	0	0	0			
tlg0007.tlg093.perseus-grc2.xml	652	0	0	0			
tlg0007.tlg094.perseus-eng3.xml	9125	0	0	0			
tlg0007.tlg094.perseus-eng4.xml	11205	0	0	0			
tlg0007.tlg094.perseus-grc2.xml	5756	0	0	0			
tlg0007.tlg095.perseus-eng3.xml	9042	0	0	0			
tlg0007.tlg095.perseus-eng4.xml	8979	0	0	0			
tlg0007.tlg095.perseus-grc2.xml	5437	0	0	0			
tlg0007.tlg096.perseus-eng3.xml	9528	0	0	0			
tlg0007.tlg096.perseus-eng4.xml	10535	0	0	0			
tlg0007.tlg096.perseus-grc2.xml	6042	0	0	0			
tlg0007.tlg097.perseus-eng3.xml	10764	0	0	0			
tlg0007.tlg097.perseus-eng4.xml	10738	0	0	0			
tlg0007.tlg097.perseus-grc2.xml	6617	0	0	0			
tlg0007.tlg098.perseus-eng3.xml	3436	0	0	0			
tlg0007.tlg098.perseus-eng4.xml	2789	0	0	0			
tlg0007.tlg098.perseus-grc2.xml	2160	0	0	0			
tlg0007.tlg099.perseus-eng3.xml	1460	0	0	0			
tlg0007.tlg099.perseus-eng4.xml	1410	0	0	0			
tlg0007.tlg099.perseus-grc2.xml	862	0	0	0			
tlg0007.tlg100.perseus-eng3.xml	1486	0	0	0			
tlg0007.tlg100.perseus-eng4.xml	1358	0	0	0			
tlg0007.tlg100.perseus-grc2.xml	850	0	0	0			
tlg0007.tlg101.perseus-eng3.xml	8981	0	0	0			
tlg0007.tlg101.perseus-eng4.xml	11299	0	0	0			
tlg0007.tlg101.perseus-grc2.xml	5864	0	0	0			
tlg0007.tlg102.perseus-eng3.xml	5804	0	0	0			
tlg0007.tlg102.perseus-eng4.xml	6870	0	0	0			
tlg0007.tlg102.perseus-grc2.xml	3712	0	0	0			
tlg0007.tlg103.perseus-eng2.xml	3828	0	0	0			
tlg0007.tlg103.perseus-grc2.xml	2249	0	0	0			
tlg0007.tlg104.perseus-eng2.xml	5984	0	0	0			
tlg0007.tlg104.perseus-grc2.xml	3654	0	0	0			
tlg0007.tlg105.perseus-eng2.xml	1445	0	0	0			
tlg0007.tlg105.perseus-grc2.xml	996	0	0	0			
tlg0007.tlg106.perseus-eng2.xml	6049	0	0	0			
tlg0007.tlg106.perseus-grc2.xml	3966	0	0	0			
tlg0007.tlg107.perseus-eng2.xml	16461	0	0	0			
tlg0007.tlg107.perseus-grc2.xml	9367	0	0	0			
tlg0007.tlg108.perseus-eng2.xml	5344	0	0	0			
tlg0007.tlg108.perseus-grc2.xml	3423	0	0	0			
tlg0007.tlg109.perseus-eng2.xml	15465	0	0	0			
tlg0007.tlg109.perseus-grc2.xml	11497	0	0	0			
tlg0007.tlg110.perseus-eng2.xml	6644	0	0	0			
tlg0007.tlg110.perseus-grc2.xml	3914	0	0	0			
tlg0007.tlg111.perseus-eng2.xml	2848	0	0	0			
tlg0007.tlg111.perseus-grc2.xml	1943	0	0	0			
tlg0007.tlg112.perseus-eng2.xml	85074	0	0	0			
tlg0007.tlg112.perseus-grc2.xml	61953	0	0	0			
tlg0007.tlg113.perseus-eng2.xml	19018	0	0	0			
tlg0007.tlg113.perseus-grc2.xml	10827	0	0	0			
tlg0007.tlg114.perseus-eng3.xml	2700	0	0	0			
tlg0007.tlg114.perseus-eng4.xml	3209	0	0	0			
tlg0007.tlg114.perseus-grc2.xml	1815	0	0	0			
tlg0007.tlg115.perseus-eng3.xml	2458	0	0	0			
tlg0007.tlg115.perseus-eng4.xml	3000	0	0	0			
tlg0007.tlg115.perseus-grc2.xml	1530	0	0	0			
tlg0007.tlg116.perseus-eng3.xml	2472	0	0	0			
tlg0007.tlg116.perseus-eng4.xml	2419	0	0	0			
tlg0007.tlg116.perseus-grc2.xml	1590	0	0	0			
tlg0007.tlg117.perseus-eng3.xml	10716	0	0	0			
tlg0007.tlg117.perseus-eng4.xml	10837	0	0	0			
tlg0007.tlg117.perseus-grc2.xml	6733	0	0	0			
tlg0007.tlg118.perseus-eng3.xml	19621	0	0	0			
tlg0007.tlg118.perseus-eng4.xml	19310	0	0	0			
tlg0007.tlg118.perseus-grc2.xml	12429	0	0	0			
tlg0007.tlg119.perseus-eng3.xml	932	0	0	0			
tlg0007.tlg119.perseus-eng4.xml	1196	0	0	0			
tlg0007.tlg119.perseus-grc2.xml	548	0	0	0			
tlg0007.tlg120.perseus-eng3.xml	3243	0	0	0			
tlg0007.tlg120.perseus-eng4.xml	4094	0	0	0			
tlg0007.tlg120.perseus-grc2.xml	2004	0	0	0			
tlg0007.tlg121.perseus-eng3.xml	14017	0	0	0			
tlg0007.tlg121.perseus-eng4.xml	14773	0	0	0			
tlg0007.tlg121.perseus-grc2.xml	9093	0	0	0			
tlg0007.tlg122.perseus-eng3.xml	1171	0	0	0			
tlg0007.tlg122.perseus-eng4.xml	1057	0	0	0			
tlg0007.tlg122.perseus-grc2.xml	718	0	0	0			
tlg0007.tlg123.perseus-eng2.xml	12963	0	0	0			
tlg0007.tlg123.perseus-grc2.xml	8941	0	0	0			
tlg0007.tlg125.perseus-eng2.xml	6259	0	0	0			
tlg0007.tlg125.perseus-grc2.xml	4751	0	0	0			
tlg0007.tlg126.perseus-eng3.xml	23455	0	0	0			
tlg0007.tlg126.perseus-eng4.xml	20113	0	0	0			
tlg0007.tlg126.perseus-grc2.xml	12674	0	0	0			
tlg0007.tlg127.perseus-eng3.xml	7618	0	0	0			
tlg0007.tlg127.perseus-eng4.xml	7318	0	0	0			
tlg0007.tlg127.perseus-grc3.xml	5009	0	0	0			
tlg0007.tlg128.perseus-eng3.xml	2553	0	0	0			
tlg0007.tlg128.perseus-eng4.xml	2285	0	0	0			
tlg0007.tlg128.perseus-grc2.xml	1625	0	0	0			
tlg0007.tlg129.perseus-eng3.xml	21096	0	0	0			
tlg0007.tlg129.perseus-eng4.xml	20123	0	0	0			
tlg0007.tlg129.perseus-grc2.xml	11852	0	0	0			
tlg0007.tlg130.perseus-eng3.xml	5366	0	0	0			
tlg0007.tlg130.perseus-eng4.xml	5024	0	0	0			
tlg0007.tlg130.perseus-grc2.xml	3427	0	0	0			
tlg0007.tlg131.perseus-eng3.xml	2891	0	0	0			
tlg0007.tlg131.perseus-eng4.xml	2602	0	0	0			
tlg0007.tlg131.perseus-grc2.xml	1587	0	0	0			
tlg0007.tlg132.perseus-eng3.xml	1880	0	0	0			
tlg0007.tlg132.perseus-eng4.xml	1996	0	0	0			
tlg0007.tlg132.perseus-grc2.xml	1245	0	0	0			
tlg0007.tlg133.perseus-eng2.xml	7807	0	0	0			
tlg0007.tlg133.perseus-grc2.xml	6198	0	0	0			
tlg0007.tlg134.perseus-eng2.xml	13433	0	0	0			
tlg0007.tlg134.perseus-grc2.xml	9439	0	0	0			
tlg0007.tlg135.perseus-grc2.xml	1192	0	0	0			
tlg0007.tlg136.perseus-eng2.xml	16548	0	0	0			
tlg0007.tlg136.perseus-grc2.xml	12072	0	0	0			
tlg0007.tlg137.perseus-eng2.xml	829	0	0	0			
tlg0007.tlg137.perseus-grc2.xml	502	0	0	0			
tlg0007.tlg138.perseus-eng2.xml	18940	0	0	0			
tlg0007.tlg138.perseus-grc2.xml	13708	0	0	0			
tlg0007.tlg139.perseus-eng2.xml	15711	0	0	0			
tlg0007.tlg139.perseus-grc2.xml	9711	0	0	0			
tlg0007.tlg140.perseus-eng2.xml	15966	0	0	0			
tlg0007.tlg140.perseus-grc2.xml	9887	0	0	0			
tlg0007.tlg141.perseus-eng2.xml	2391	0	0	0			
tlg0007.tlg141.perseus-grc2.xml	1238	0	0	0			
tlg0008.tlg001.perseus-eng2.xml	426533	0	0	0			
tlg0008.tlg001.perseus-grc3.xml	279335	0	0	0			
tlg0008.tlg001.perseus-grc4.xml	265938	0	0	0			
tlg0010.tlg001.perseus-eng2.xml	1756	0	0	0			
tlg0010.tlg001.perseus-grc2.xml	1095	0	0	0			
tlg0010.tlg002.perseus-eng2.xml	5869	0	0	0			
tlg0010.tlg002.perseus-grc2.xml	3558	0	0	0			
tlg0010.tlg003.perseus-eng2.xml	1712	0	0	0			
tlg0010.tlg003.perseus-grc2.xml	1121	0	0	0			
tlg0010.tlg004.perseus-eng2.xml	4427	0	0	0			
tlg0010.tlg004.perseus-grc2.xml	2901	0	0	0			
tlg0010.tlg005.perseus-eng2.xml	5194	0	0	0			
tlg0010.tlg005.perseus-grc2.xml	3363	0	0	0			
tlg0010.tlg006.perseus-eng2.xml	4183	0	0	0			
tlg0010.tlg006.perseus-grc2.xml	2924	0	0	0			
tlg0010.tlg007.perseus-eng2.xml	4283	0	0	0			
tlg0010.tlg007.perseus-grc2.xml	2893	0	0	0			
tlg0010.tlg008.perseus-eng2.xml	1998	0	0	0			
tlg0010.tlg008.perseus-grc2.xml	1324	0	0	0			
tlg0010.tlg009.perseus-eng2.xml	5362	0	0	0			
tlg0010.tlg009.perseus-grc2.xml	3729	0	0	0			
tlg0010.tlg010.perseus-eng2.xml	3940	0	0	0			
tlg0010.tlg010.perseus-grc2.xml	2748	0	0	0			
tlg0010.tlg011.perseus-eng2.xml	16742	0	0	0			
tlg0010.tlg011.perseus-grc2.xml	10779	0	0	0			
tlg0010.tlg012.perseus-eng2.xml	4938	0	0	0			
tlg0010.tlg012.perseus-grc2.xml	3191	0	0	0			
tlg0010.tlg013.perseus-eng2.xml	4479	0	0	0			
tlg0010.tlg013.perseus-grc2.xml	2994	0	0	0			
tlg0010.tlg014.perseus-eng2.xml	5336	0	0	0			
tlg0010.tlg014.perseus-grc2.xml	3736	0	0	0			
tlg0010.tlg015.perseus-eng2.xml	6466	0	0	0			
tlg0010.tlg015.perseus-grc2.xml	4601	0	0	0			
tlg0010.tlg016.perseus-eng2.xml	9069	0	0	0			
tlg0010.tlg016.perseus-grc2.xml	6129	0	0	0			
tlg0010.tlg017.perseus-eng2.xml	12155	0	0	0			
tlg0010.tlg017.perseus-grc2.xml	7926	0	0	0			
tlg0010.tlg018.perseus-eng2.xml	6736	0	0	0			
tlg0010.tlg018.perseus-grc2.xml	4578	0	0	0			
tlg0010.tlg019.perseus-eng2.xml	26055	0	0	0			
tlg0010.tlg019.perseus-grc2.xml	17627	0	0	0			
tlg0010.tlg020.perseus-eng2.xml	13567	0	0	0			
tlg0010.tlg020.perseus-grc2.xml	8770	0	0	0			
tlg0010.tlg021.perseus-eng2.xml	24408	0	0	0			
tlg0010.tlg021.perseus-grc2.xml	15861	0	0	0			
tlg0010.tlg022.perseus-eng2.xml	883	0	0	0			
tlg0010.tlg022.perseus-grc2.xml	588	0	0	0			
tlg0010.tlg023.perseus-eng2.xml	1290	0	0	0			
tlg0010.tlg023.perseus-grc2.xml	892	0	0	0			
tlg0010.tlg024.perseus-eng2.xml	1738	0	0	0			
tlg0010.tlg024.perseus-grc2.xml	1144	0	0	0			
tlg0010.tlg025.perseus-eng2.xml	931	0	0	0			
tlg0010.tlg025.perseus-grc2.xml	668	0	0	0			
tlg0010.tlg026.perseus-eng3.xml	1003	0	0	0			
tlg0010.tlg026.perseus-grc3.xml	781	0	0	0			
tlg0010.tlg027.perseus-eng2.xml	1901	0	0	0			
tlg0010.tlg027.perseus-grc2.xml	1280	0	0	0			
tlg0010.tlg028.perseus-eng2.xml	420	0	0	0			
tlg0010.tlg028.perseus-grc2.xml	282	0	0	0			
tlg0010.tlg029.perseus-eng2.xml	1241	0	0	0			
tlg0010.tlg029.perseus-grc2.xml	824	0	0	0			
tlg0010.tlg030.perseus-eng2.xml	612	0	0	0			
tlg0010.tlg030.perseus-grc2.xml	422	0	0	0			
tlg0011.tlg001.perseus-eng3.xml	11622	0	0	0			
tlg0011.tlg001.perseus-grc2.xml	7289	0	0	0			
tlg0011.tlg002.perseus-eng2.xml	11668	0	0	0			
tlg0011.tlg002.perseus-grc2.xml	7360	0	0	0			
tlg0011.tlg003.perseus-eng2.xml	12933	0	0	0			
tlg0011.tlg003.perseus-grc2.xml	7887	0	0	0			
tlg0011.tlg004.perseus-eng2.xml	13682	0	0	0			
tlg0011.tlg004.perseus-grc2.xml	9291	0	0	0			
tlg0011.tlg005.perseus-eng2.xml	13157	0	0	0			
tlg0011.tlg005.perseus-grc2.xml	8699	0	0	0			
tlg0011.tlg006.perseus-eng2.xml	13399	0	0	0			
tlg0011.tlg006.perseus-grc2.xml	8823	0	0	0			
tlg0011.tlg007.perseus-eng2.xml	15392	0	0	0			
tlg0011.tlg007.perseus-grc2.xml	10397	0	0	0			
tlg0011.tlg008.perseus-eng2.xml	2700	0	0	0			
tlg0011.tlg008.perseus-grc2.xml	1963	0	0	0			
tlg0012.tlg001.perseus-eng3.xml	176310	0	0	0			
tlg0012.tlg001.perseus-eng4.xml	154210	0	0	0			
tlg0012.tlg001.perseus-grc2.xml	111868	0	0	0			
tlg0012.tlg002.perseus-eng3.xml	132680	0	0	0			
tlg0012.tlg002.perseus-eng4.xml	118435	0	0	0			
tlg0012.tlg002.perseus-grc2.xml	87177	0	0	0			
tlg0012.tlg003.perseus-eng1.xml	1100	0	0	0			
tlg0012.tlg003.perseus-grc1.xml	732	0	0	0			
tlg0013.tlg001.perseus-eng2.xml	207	0	0	0			
tlg0013.tlg001.perseus-grc2.xml	146	0	0	0			
tlg0013.tlg002.perseus-eng2.xml	5080	0	0	0			
tlg0013.tlg002.perseus-grc2.xml	3273	0	0	0			
tlg0013.tlg003.perseus-eng2.xml	5452	0	0	0			
tlg0013.tlg003.perseus-grc2.xml	3801	0	0	0			
tlg0013.tlg004.perseus-eng2.xml	5976	0	0	0			
tlg0013.tlg004.perseus-grc2.xml	3980	0	0	0			
tlg0013.tlg005.perseus-eng2.xml	2918	0	0	0			
tlg0013.tlg005.perseus-grc2.xml	2049	0	0	0			
tlg0013.tlg006.perseus-eng2.xml	194	0	0	0			
tlg0013.tlg006.perseus-grc2.xml	133	0	0	0			
tlg0013.tlg007.perseus-eng2.xml	617	0	0	0			
tlg0013.tlg007.perseus-grc2.xml	427	0	0	0			
tlg0013.tlg008.perseus-eng2.xml	167	0	0	0			
tlg0013.tlg008.perseus-grc2.xml	102	0	0	0			
tlg0013.tlg009.perseus-eng2.xml	96	0	0	0			
tlg0013.tlg009.perseus-grc2.xml	59	0	0	0			
tlg0013.tlg010.perseus-eng2.xml	56	0	0	0			
tlg0013.tlg010.perseus-grc2.xml	41	0	0	0			
tlg0013.tlg011.perseus-eng2.xml	59	0	0	0			
tlg0013.tlg011.perseus-grc2.xml	37	0	0	0			
tlg0013.tlg012.perseus-eng2.xml	50	0	0	0			
tlg0013.tlg012.perseus-grc2.xml	30	0	0	0			
tlg0013.tlg013.perseus-eng2.xml	29	0	0	0			
tlg0013.tlg013.perseus-grc2.xml	20	0	0	0			
tlg0013.tlg014.perseus-eng2.xml	67	0	0	0			
tlg0013.tlg014.perseus-grc2.xml	49	0	0	0			
tlg0013.tlg015.perseus-eng2.xml	98	0	0	0			
tlg0013.tlg015.perseus-grc2.xml	64	0	0	0			
tlg0013.tlg016.perseus-eng2.xml	52	0	0	0			
tlg0013.tlg016.perseus-grc2.xml	35	0	0	0			
tlg0013.tlg017.perseus-eng2.xml	47	0	0	0			
tlg0013.tlg017.perseus-grc2.xml	29	0	0	0			
tlg0013.tlg018.perseus-eng2.xml	126	0	0	0			
tlg0013.tlg018.perseus-grc2.xml	77	0	0	0			
tlg0013.tlg019.perseus-eng2.xml	503	0	0	0			
tlg0013.tlg019.perseus-grc2.xml	338	0	0	0			
tlg0013.tlg020.perseus-eng2.xml	70	0	0	0			
tlg0013.tlg020.perseus-grc2.xml	53	0	0	0			
tlg0013.tlg021.perseus-eng2.xml	58	0	0	0			
tlg0013.tlg021.perseus-grc2.xml	40	0	0	0			
tlg0013.tlg022.perseus-eng2.xml	76	0	0	0			
tlg0013.tlg022.perseus-grc2.xml	44	0	0	0			
tlg0013.tlg023.perseus-eng2.xml	48	0	0	0			
tlg0013.tlg023.perseus-grc2.xml	25	0	0	0			
tlg0013.tlg024.perseus-eng2.xml	48	0	0	0			
tlg0013.tlg024.perseus-grc2.xml	35	0	0	0			
tlg0013.tlg025.perseus-eng2.xml	72	0	0	0			
tlg0013.tlg025.perseus-grc2.xml	55	0	0	0			
tlg0013.tlg026.perseus-eng2.xml	140	0	0	0			
tlg0013.tlg026.perseus-grc2.xml	91	0	0	0			
tlg0013.tlg027.perseus-eng2.xml	207	0	0	0			
tlg0013.tlg027.perseus-grc2.xml	134	0	0	0			
tlg0013.tlg028.perseus-eng2.xml	156	0	0	0			
tlg0013.tlg028.perseus-grc2.xml	113	0	0	0			
tlg0013.tlg029.perseus-eng2.xml	141	0	0	0			
tlg0013.tlg029.perseus-grc2.xml	98	0	0	0			
tlg0013.tlg030.perseus-eng2.xml	208	0	0	0			
tlg0013.tlg030.perseus-grc2.xml	137	0	0	0			
tlg0013.tlg031.perseus-eng2.xml	189	0	0	0			
tlg0013.tlg031.perseus-grc2.xml	133	0	0	0			
tlg0013.tlg032.perseus-eng2.xml	181	0	0	0			
tlg0013.tlg032.perseus-grc2.xml	125	0	0	0			
tlg0013.tlg033.perseus-eng2.xml	177	0	0	0			
tlg0013.tlg033.perseus-grc2.xml	118	0	0	0			
tlg0014.tlg001.perseus-eng2.xml	2425	0	0	0			
tlg0014.tlg001.perseus-grc2.xml	1826	0	0	0			
tlg0014.tlg002.perseus-eng2.xml	2699	0	0	0			
tlg0014.tlg002.perseus-grc2.xml	2043	0	0	0			
tlg0014.tlg003.perseus-eng2.xml	3097	0	0	0			
tlg0014.tlg003.perseus-grc2.xml	2353	0	0	0			
tlg0014.tlg004.perseus-eng2.xml	4352	0	0	0			
tlg0014.tlg004.perseus-grc2.xml	3283	0	0	0			
tlg0014.tlg005.perseus-eng2.xml	1984	0	0	0			
tlg0014.tlg005.perseus-grc2.xml	1455	0	0	0			
tlg0014.tlg006.perseus-eng2.xml	2832	0	0	0			
tlg0014.tlg006.perseus-grc2.xml	1995	0	0	0			
tlg0014.tlg007.perseus-eng2.xml	3304	0	0	0			
tlg0014.tlg007.perseus-grc2.xml	2443	0	0	0			
tlg0014.tlg008.perseus-eng2.xml	6036	0	0	0			
tlg0014.tlg008.perseus-grc2.xml	4228	0	0	0			
tlg0014.tlg009.perseus-eng2.xml	5899	0	0	0			
tlg0014.tlg009.perseus-grc2.xml	4281	0	0	0			
tlg0014.tlg010.perseus-eng2.xml	6361	0	0	0			
tlg0014.tlg010.perseus-grc2.xml	4438	0	0	0			
tlg0014.tlg011.perseus-eng2.xml	1674	0	0	0			
tlg0014.tlg011.perseus-grc2.xml	1288	0	0	0			
tlg0014.tlg012.perseus-eng2.xml	2069	0	0	0			
tlg0014.tlg012.perseus-grc2.xml	1414	0	0	0			
tlg0014.tlg013.perseus-eng2.xml	3154	0	0	0			
tlg0014.tlg013.perseus-grc2.xml	2310	0	0	0			
tlg0014.tlg014.perseus-eng2.xml	3707	0	0	0			
tlg0014.tlg014.perseus-grc2.xml	2570	0	0	0			
tlg0014.tlg015.perseus-eng2.xml	3128	0	0	0			
tlg0014.tlg015.perseus-grc2.xml	2206	0	0	0			
tlg0014.tlg016.perseus-eng2.xml	2722	0	0	0			
tlg0014.tlg016.perseus-grc2.xml	1852	0	0	0			
tlg0014.tlg017.perseus-eng2.xml	2639	0	0	0			
tlg0014.tlg017.perseus-grc2.xml	1787	0	0	0			
tlg0014.tlg018.perseus-eng2.xml	30355	0	0	0			
tlg0014.tlg018.perseus-grc2.xml	22344	0	0	0			
tlg0014.tlg019.perseus-eng2.xml	32108	0	0	0			
tlg0014.tlg019.perseus-grc2.xml	23022	0	0	0			
tlg0014.tlg020.perseus-eng2.xml	15642	0	0	0			
tlg0014.tlg020.perseus-grc2.xml	11303	0	0	0			
tlg0014.tlg021.perseus-eng2.xml	22380	0	0	0			
tlg0014.tlg021.perseus-grc2.xml	15701	0	0	0			
tlg0014.tlg022.perseus-eng2.xml	8128	0	0	0			
tlg0014.tlg022.perseus-grc2.xml	5610	0	0	0			
tlg0014.tlg023.perseus-eng2.xml	22455	0	0	0			
tlg0014.tlg023.perseus-grc2.xml	15328	0	0	0			
tlg0014.tlg024.perseus-eng2.xml	21149	0	0	0			
tlg0014.tlg024.perseus-grc2.xml	14602	0	0	0			
tlg0014.tlg025.perseus-eng2.xml	9367	0	0	0			
tlg0014.tlg025.perseus-grc2.xml	6698	0	0	0			
tlg0014.tlg026.perseus-eng2.xml	2256	0	0	0			
tlg0014.tlg026.perseus-grc2.xml	1681	0	0	0			
tlg0014.tlg027.perseus-eng2.xml	6831	0	0	0			
tlg0014.tlg027.perseus-grc2.xml	4564	0	0	0			
tlg0014.tlg028.perseus-eng2.xml	2433	0	0	0			
tlg0014.tlg028.perseus-grc2.xml	1509	0	0	0			
tlg0014.tlg029.perseus-eng2.xml	6399	0	0	0			
tlg0014.tlg029.perseus-grc2.xml	3897	0	0	0			
tlg0014.tlg030.perseus-eng2.xml	3814	0	0	0			
tlg0014.tlg030.perseus-grc2.xml	2350	0	0	0			
tlg0014.tlg031.perseus-eng2.xml	1601	0	0	0			
tlg0014.tlg031.perseus-grc2.xml	950	0	0	0			
tlg0014.tlg032.perseus-eng2.xml	2902	0	0	0			
tlg0014.tlg032.perseus-grc2.xml	1909	0	0	0			
tlg0014.tlg033.perseus-eng2.xml	3907	0	0	0			
tlg0014.tlg033.perseus-grc2.xml	2543	0	0	0			
tlg0014.tlg034.perseus-eng2.xml	4827	0	0	0			
tlg0014.tlg034.perseus-grc2.xml	3245	0	0	0			
tlg0014.tlg035.perseus-eng2.xml	5338	0	0	0			
tlg0014.tlg035.perseus-grc2.xml	3645	0	0	0			
tlg0014.tlg036.perseus-eng2.xml	6098	0	0	0			
tlg0014.tlg036.perseus-grc2.xml	3938	0	0	0			
tlg0014.tlg037.perseus-eng2.xml	6040	0	0	0			
tlg0014.tlg037.perseus-grc2.xml	3768	0	0	0			
tlg0014.tlg038.perseus-eng2.xml	2855	0	0	0			
tlg0014.tlg038.perseus-grc2.xml	1843	0	0	0			
tlg0014.tlg039.perseus-eng2.xml	4479	0	0	0			
tlg0014.tlg039.perseus-grc2.xml	2736	0	0	0			
tlg0014.tlg040.perseus-eng2.xml	5925	0	0	0			
tlg0014.tlg040.perseus-grc2.xml	3900	0	0	0			
tlg0014.tlg041.perseus-eng2.xml	3136	0	0	0			
tlg0014.tlg041.perseus-grc2.xml	1957	0	0	0			
tlg0014.tlg042.perseus-eng2.xml	3301	0	0	0			
tlg0014.tlg042.perseus-grc2.xml	2226	0	0	0			
tlg0014.tlg043.perseus-eng2.xml	9080	0	0	0			
tlg0014.tlg043.perseus-grc2.xml	6280	0	0	0			
tlg0014.tlg044.perseus-eng2.xml	6507	0	0	0			
tlg0014.tlg044.perseus-grc2.xml	4200	0	0	0			
tlg0014.tlg045.perseus-eng2.xml	9208	0	0	0			
tlg0014.tlg045.perseus-grc2.xml	5686	0	0	0			
tlg0014.tlg046.perseus-eng2.xml	2944	0	0	0			
tlg0014.tlg046.perseus-grc2.xml	1847	0	0	0			
tlg0014.tlg047.perseus-eng2.xml	8520	0	0	0			
tlg0014.tlg047.perseus-grc2.xml	5366	0	0	0			
tlg0014.tlg048.perseus-eng2.xml	5041	0	0	0			
tlg0014.tlg048.perseus-grc2.xml	3509	0	0	0			
tlg0014.tlg049.perseus-eng2.xml	6394	0	0	0			
tlg0014.tlg049.perseus-grc2.xml	4359	0	0	0			
tlg0014.tlg050.perseus-eng2.xml	6812	0	0	0			
tlg0014.tlg050.perseus-grc2.xml	4603	0	0	0			
tlg0014.tlg051.perseus-eng2.xml	2219	0	0	0			
tlg0014.tlg051.perseus-grc2.xml	1345	0	0	0			
tlg0014.tlg052.perseus-eng2.xml	3172	0	0	0			
tlg0014.tlg052.perseus-grc2.xml	2115	0	0	0			
tlg0014.tlg053.perseus-eng2.xml	3226	0	0	0			
tlg0014.tlg053.perseus-grc2.xml	2007	0	0	0			
tlg0014.tlg054.perseus-eng2.xml	5058	0	0	0			
tlg0014.tlg054.perseus-grc2.xml	3180	0	0	0			
tlg0014.tlg055.perseus-eng2.xml	3270	0	0	0			
tlg0014.tlg055.perseus-grc2.xml	2103	0	0	0			
tlg0014.tlg056.perseus-eng2.xml	4835	0	0	0			
tlg0014.tlg056.perseus-grc2.xml	3301	0	0	0			
tlg0014.tlg057.perseus-eng2.xml	7402	0	0	0			
tlg0014.tlg057.perseus-grc2.xml	4604	0	0	0			
tlg0014.tlg058.perseus-eng2.xml	7470	0	0	0			
tlg0014.tlg058.perseus-grc2.xml	4668	0	0	0			
tlg0014.tlg059.perseus-eng2.xml	14117	0	0	0			
tlg0014.tlg059.perseus-grc2.xml	9196	0	0	0			
tlg0014.tlg060.perseus-eng2.xml	4038	0	0	0			
tlg0014.tlg060.perseus-grc2.xml	2517	0	0	0			
tlg0014.tlg061.perseus-eng2.xml	5464	0	0	0			
tlg0014.tlg061.perseus-grc2.xml	3660	0	0	0			
tlg0014.tlg062.perseus-eng2.xml	14941	0	0	0			
tlg0014.tlg062.perseus-grc2.xml	9489	0	0	0			
tlg0014.tlg063.perseus-eng2.xml	9943	0	0	0			
tlg0014.tlg063.perseus-grc2.xml	6088	0	0	0			
tlg0016.tlg001.perseus-eng2.xml	253825	0	0	0			
tlg0016.tlg001.perseus-grc2.xml	184736	0	0	0			
tlg0017.tlg001.perseus-eng2.xml	3878	0	0	0			
tlg0017.tlg001.perseus-grc2.xml	2710	0	0	0			
tlg0017.tlg002.perseus-eng2.xml	3809	0	0	0			
tlg0017.tlg002.perseus-grc2.xml	2749	0	0	0			
tlg0017.tlg003.perseus-eng2.xml	6408	0	0	0			
tlg0017.tlg003.perseus-grc2.xml	4429	0	0	0			
tlg0017.tlg004.perseus-eng2.xml	2687	0	0	0			
tlg0017.tlg004.perseus-grc2.xml	1802	0	0	0			
tlg0017.tlg005.perseus-eng2.xml	4667	0	0	0			
tlg0017.tlg005.perseus-grc2.xml	3072	0	0	0			
tlg0017.tlg006.perseus-eng2.xml	5401	0	0	0			
tlg0017.tlg006.perseus-grc2.xml	3633	0	0	0			
tlg0017.tlg007.perseus-eng2.xml	4239	0	0	0			
tlg0017.tlg007.perseus-grc2.xml	2792	0	0	0			
tlg0017.tlg008.perseus-eng2.xml	4787	0	0	0			
tlg0017.tlg008.perseus-grc2.xml	3180	0	0	0			
tlg0017.tlg009.perseus-eng2.xml	3348	0	0	0			
tlg0017.tlg009.perseus-grc2.xml	2248	0	0	0			
tlg0017.tlg010.perseus-eng2.xml	2922	0	0	0			
tlg0017.tlg010.perseus-grc2.xml	2034	0	0	0			
tlg0017.tlg011.perseus-eng2.xml	5429	0	0	0			
tlg0017.tlg011.perseus-grc2.xml	3596	0	0	0			
tlg0017.tlg012.perseus-eng2.xml	1299	0	0	0			
tlg0017.tlg012.perseus-grc2.xml	949	0	0	0			
tlg0019.tlg001.perseus-grc2.xml	7217	0	0	0			
tlg0019.tlg002.perseus-grc2.xml	8930	0	0	0			
tlg0019.tlg003.perseus-eng2.xml	14277	0	0	0			
tlg0019.tlg003.perseus-grc2.xml	9660	0	0	0			
tlg0019.tlg004.perseus-grc2.xml	9838	0	0	0			
tlg0019.tlg005.perseus-grc2.xml	8046	0	0	0			
tlg0019.tlg006.perseus-eng2.xml	15310	0	0	0			
tlg0019.tlg006.perseus-grc2.xml	10746	0	0	0			
tlg0019.tlg007.perseus-grc2.xml	8113	0	0	0			
tlg0019.tlg008.perseus-grc2.xml	7263	0	0	0			
tlg0019.tlg009.perseus-grc2.xml	9190	0	0	0			
tlg0019.tlg010.perseus-grc2.xml	7683	0	0	0			
tlg0019.tlg011.perseus-grc2.xml	8126	0	0	0			
tlg0020.tlg001.perseus-eng2.xml	9821	0	0	0			
tlg0020.tlg001.perseus-grc2.xml	6962	0	0	0			
tlg0020.tlg002.perseus-eng2.xml	8639	0	0	0			
tlg0020.tlg002.perseus-grc2.xml	5794	0	0	0			
tlg0020.tlg003.perseus-eng2.xml	4653	0	0	0			
tlg0020.tlg003.perseus-grc2.xml	3268	0	0	0			
tlg0023.tlg001.perseus-grc2.xml	22752	0	0	0			
tlg0024.tlg001.perseus-grc2.xml	13482	0	0	0			
tlg0026.tlg001.perseus-eng2.xml	20546	0	0	0			
tlg0026.tlg001.perseus-grc2.xml	13578	0	0	0			
tlg0026.tlg002.perseus-eng2.xml	18533	0	0	0			
tlg0026.tlg002.perseus-grc2.xml	12299	0	0	0			
tlg0026.tlg003.perseus-eng2.xml	26955	0	0	0			
tlg0026.tlg003.perseus-grc2.xml	18455	0	0	0			
tlg0027.tlg001.perseus-eng2.xml	14420	0	0	0			
tlg0027.tlg001.perseus-grc2.xml	10016	0	0	0			
tlg0027.tlg002.perseus-eng2.xml	2656	0	0	0			
tlg0027.tlg002.perseus-grc2.xml	1945	0	0	0			
tlg0027.tlg003.perseus-eng2.xml	3675	0	0	0			
tlg0027.tlg003.perseus-grc2.xml	2665	0	0	0			
tlg0027.tlg004.perseus-eng2.xml	4398	0	0	0			
tlg0027.tlg004.perseus-grc2.xml	2744	0	0	0			
tlg0028.tlg001.perseus-eng2.xml	2383	0	0	0			
tlg0028.tlg001.perseus-grc2.xml	1756	0	0	0			
tlg0028.tlg002.perseus-eng2.xml	4094	0	0	0			
tlg0028.tlg002.perseus-grc2.xml	2513	0	0	0			
tlg0028.tlg003.perseus-eng2.xml	3567	0	0	0			
tlg0028.tlg003.perseus-grc2.xml	2161	0	0	0			
tlg0028.tlg004.perseus-eng2.xml	3255	0	0	0			
tlg0028.tlg004.perseus-grc2.xml	1934	0	0	0			
tlg0028.tlg005.perseus-eng2.xml	8965	0	0	0			
tlg0028.tlg005.perseus-grc2.xml	6339	0	0	0			
tlg0028.tlg006.perseus-eng2.xml	5111	0	0	0			
tlg0028.tlg006.perseus-grc2.xml	3400	0	0	0			
tlg0029.tlg004.perseus-eng2.xml	10050	0	0	0			
tlg0029.tlg004.perseus-grc2.xml	7481	0	0	0			
tlg0029.tlg005.perseus-eng2.xml	2452	0	0	0			
tlg0029.tlg005.perseus-grc2.xml	1787	0	0	0			
tlg0029.tlg006.perseus-eng2.xml	1848	0	0	0			
tlg0029.tlg006.perseus-grc2.xml	1373	0	0	0			
tlg0030.tlg001.perseus-eng2.xml	1844	0	0	0			
tlg0030.tlg001.perseus-grc2.xml	1644	0	0	0			
tlg0030.tlg002.perseus-eng2.xml	1274	0	0	0			
tlg0030.tlg002.perseus-grc2.xml	1135	0	0	0			
tlg0030.tlg003.perseus-eng2.xml	2988	0	0	0			
tlg0030.tlg003.perseus-grc2.xml	2891	0	0	0			
tlg0030.tlg004.perseus-eng2.xml	3563	0	0	0			
tlg0030.tlg004.perseus-grc2.xml	2718	0	0	0			
tlg0030.tlg005.perseus-eng2.xml	2744	0	0	0			
tlg0030.tlg005.perseus-grc2.xml	2643	0	0	0			
tlg0030.tlg006.perseus-eng2.xml	2580	0	0	0			
tlg0030.tlg006.perseus-grc2.xml	2444	0	0	0			
tlg0031.tlg001.perseus-eng2.xml	22870	0	0	0			
tlg0031.tlg001.perseus-grc2.xml	18289	0	0	0			
tlg0031.tlg002.perseus-eng2.xml	14342	0	0	0			
tlg0031.tlg002.perseus-grc2.xml	11272	0	0	0			
tlg0031.tlg003.perseus-eng2.xml	24623	0	0	0			
tlg0031.tlg003.perseus-grc2.xml	19453	0	0	0			
tlg0031.tlg004.perseus-eng2.xml	18718	0	0	0			
tlg0031.tlg004.perseus-grc2.xml	15587	0	0	0			
tlg0031.tlg005.perseus-eng2.xml	23240	0	0	0			
tlg0031.tlg005.perseus-grc2.xml	18402	0	0	0			
tlg0031.tlg006.perseus-eng2.xml	9457	0	0	0			
tlg0031.tlg006.perseus-grc2.xml	7108	0	0	0			
tlg0031.tlg007.perseus-eng2.xml	9350	0	0	0			
tlg0031.tlg007.perseus-grc2.xml	6817	0	0	0			
tlg0031.tlg008.perseus-eng2.xml	6099	0	0	0			
tlg0031.tlg008.perseus-grc2.xml	4472	0	0	0			
tlg0031.tlg009.perseus-eng2.xml	3119	0	0	0			
tlg0031.tlg009.perseus-grc2.xml	2232	0	0	0			
tlg0031.tlg010.perseus-eng2.xml	3086	0	0	0			
tlg0031.tlg010.perseus-grc2.xml	2419	0	0	0			
tlg0031.tlg011.perseus-eng2.xml	2216	0	0	0			
tlg0031.tlg011.perseus-grc2.xml	1633	0	0	0			
tlg0031.tlg012.perseus-eng2.xml	2004	0	0	0			
tlg0031.tlg012.perseus-grc2.xml	1580	0	0	0			
tlg0031.tlg013.perseus-eng2.xml	1847	0	0	0			
tlg0031.tlg013.perseus-grc2.xml	1478	0	0	0			
tlg0031.tlg014.perseus-eng2.xml	1046	0	0	0			
tlg0031.tlg014.perseus-grc2.xml	825	0	0	0			
tlg0031.tlg015.perseus-eng2.xml	2284	0	0	0			
tlg0031.tlg015.perseus-grc2.xml	1597	0	0	0			
tlg0031.tlg016.perseus-eng2.xml	1616	0	0	0			
tlg0031.tlg016.perseus-grc2.xml	1242	0	0	0			
tlg0031.tlg017.perseus-eng2.xml	903	0	0	0			
tlg0031.tlg017.perseus-grc2.xml	661	0	0	0			
tlg0031.tlg018.perseus-eng2.xml	445	0	0	0			
tlg0031.tlg018.perseus-grc2.xml	336	0	0	0			
tlg0031.tlg019.perseus-eng2.xml	6917	0	0	0			
tlg0031.tlg019.perseus-grc2.xml	4974	0	0	0			
tlg0031.tlg020.perseus-eng2.xml	2268	0	0	0			
tlg0031.tlg020.perseus-grc2.xml	1735	0	0	0			
tlg0031.tlg021.perseus-eng2.xml	2430	0	0	0			
tlg0031.tlg021.perseus-grc2.xml	1670	0	0	0			
tlg0031.tlg022.perseus-eng2.xml	1523	0	0	0			
tlg0031.tlg022.perseus-grc2.xml	1097	0	0	0			
tlg0031.tlg023.perseus-eng2.xml	2469	0	0	0			
tlg0031.tlg023.perseus-grc2.xml	2137	0	0	0			
tlg0031.tlg024.perseus-eng2.xml	301	0	0	0			
tlg0031.tlg024.perseus-grc2.xml	247	0	0	0			
tlg0031.tlg025.perseus-eng2.xml	296	0	0	0			
tlg0031.tlg025.perseus-grc2.xml	221	0	0	0			
tlg0031.tlg026.perseus-eng2.xml	613	0	0	0			
tlg0031.tlg026.perseus-grc2.xml	457	0	0	0			
tlg0031.tlg027.perseus-eng2.xml	11414	0	0	0			
tlg0031.tlg027.perseus-grc2.xml	9843	0	0	0			
tlg0032.tlg001.perseus-eng2.xml	100817	0	0	0			
tlg0032.tlg001.perseus-grc2.xml	66203	0	0	0			
tlg0032.tlg002.perseus-eng2.xml	45044	0	0	0			
tlg0032.tlg002.perseus-grc2.xml	35779	0	0	0			
tlg0032.tlg003.perseus-eng2.xml	22445	0	0	0			
tlg0032.tlg003.perseus-grc2.xml	17819	0	0	0			
tlg0032.tlg004.perseus-eng2.xml	13998	0	0	0			
tlg0032.tlg004.perseus-grc2.xml	9549	0	0	0			
tlg0032.tlg005.perseus-eng2.xml	2986	0	0	0			
tlg0032.tlg005.perseus-grc2.xml	2000	0	0	0			
tlg0032.tlg006.perseus-eng2.xml	89061	0	0	0			
tlg0032.tlg006.perseus-grc2.xml	56524	0	0	0			
tlg0032.tlg007.perseus-eng2.xml	117765	0	0	0			
tlg0032.tlg007.perseus-grc2.xml	79026	0	0	0			
tlg0032.tlg008.perseus-eng2.xml	7762	0	0	0			
tlg0032.tlg008.perseus-grc2.xml	5964	0	0	0			
tlg0032.tlg009.perseus-eng2.xml	10346	0	0	0			
tlg0032.tlg009.perseus-grc2.xml	7368	0	0	0			
tlg0032.tlg010.perseus-eng2.xml	7147	0	0	0			
tlg0032.tlg010.perseus-grc2.xml	4869	0	0	0			
tlg0032.tlg011.perseus-eng2.xml	5417	0	0	0			
tlg0032.tlg011.perseus-grc2.xml	3837	0	0	0			
tlg0032.tlg012.perseus-eng2.xml	8057	0	0	0			
tlg0032.tlg012.perseus-grc2.xml	5756	0	0	0			
tlg0032.tlg013.perseus-eng2.xml	9564	0	0	0			
tlg0032.tlg013.perseus-grc2.xml	6949	0	0	0			
tlg0032.tlg014.perseus-eng2.xml	12160	0	0	0			
tlg0032.tlg014.perseus-grc2.xml	9117	0	0	0			
tlg0033.tlg001.perseus-eng2.xml	9981	0	0	0			
tlg0033.tlg001.perseus-grc2.xml	5958	0	0	0			
tlg0033.tlg002.perseus-eng3.xml	12519	0	0	0			
tlg0033.tlg002.perseus-grc2.xml	7488	0	0	0			
tlg0033.tlg003.perseus-eng2.xml	8224	0	0	0			
tlg0033.tlg003.perseus-grc2.xml	5004	0	0	0			
tlg0033.tlg004.perseus-eng2.xml	4914	0	0	0			
tlg0033.tlg004.perseus-grc2.xml	2941	0	0	0			
tlg0034.tlg001.perseus-eng2.xml	14675	0	0	0			
tlg0034.tlg001.perseus-grc2.xml	10890	0	0	0			
tlg0035.tlg001.perseus-grc2.xml	242	0	0	0			
tlg0035.tlg002.perseus-grc2.xml	1133	0	0	0			
tlg0035.tlg003.perseus-grc2.xml	900	0	0	0			
tlg0035.tlg004.perseus-grc2.xml	888	0	0	0			
tlg0035.tlg005.perseus-grc2.xml	264	0	0	0			
tlg0036.tlg001.perseus-grc2.xml	719	0	0	0			
tlg0036.tlg002.perseus-grc2.xml	225	0	0	0			
tlg0036.tlg003.perseus-grc2.xml	874	0	0	0			
tlg0057.tlg010.perseus-eng2.xml	42889	0	0	0			
tlg0057.tlg010.perseus-grc2.xml	31811	0	0	0			
tlg0058.tlg001.perseus-grc2.xml	13998	0	0	0			
tlg0059.tlg001.perseus-eng2.xml	6754	0	0	0			
tlg0059.tlg001.perseus-grc1.xml	5157	0	0	0			
tlg0059.tlg002.perseus-eng2.xml	11744	0	0	0			
tlg0059.tlg002.perseus-grc2.xml	8705	0	0	0			
tlg0059.tlg003.perseus-eng2.xml	5607	0	0	0			
tlg0059.tlg003.perseus-grc2.xml	4164	0	0	0			
tlg0059.tlg004.perseus-eng2.xml	27827	0	0	0			
tlg0059.tlg004.perseus-grc2.xml	22280	0	0	0			
tlg0059.tlg005.perseus-eng2.xml	23351	0	0	0			
tlg0059.tlg005.perseus-grc2.xml	18114	0	0	0			
tlg0059.tlg006.perseus-eng2.xml	32897	0	0	0			
tlg0059.tlg006.perseus-grc2.xml	22478	0	0	0			
tlg0059.tlg007.perseus-eng2.xml	22497	0	0	0			
tlg0059.tlg007.perseus-grc2.xml	16004	0	0	0			
tlg0059.tlg008.perseus-eng2.xml	24013	0	0	0			
tlg0059.tlg008.perseus-grc2.xml	16950	0	0	0			
tlg0059.tlg009.perseus-eng2.xml	19562	0	0	0			
tlg0059.tlg009.perseus-grc2.xml	15237	0	0	0			
tlg0059.tlg010.perseus-eng2.xml	22831	0	0	0			
tlg0059.tlg010.perseus-grc2.xml	17644	0	0	0			
tlg0059.tlg011.perseus-eng2.xml	23621	0	0	0			
tlg0059.tlg011.perseus-grc2.xml	17317	0	0	0			
tlg0059.tlg012.perseus-eng2.xml	22845	0	0	0			
tlg0059.tlg012.perseus-grc2.xml	16586	0	0	0			
tlg0059.tlg013.perseus-eng2.xml	14340	0	0	0			
tlg0059.tlg013.perseus-grc2.xml	10254	0	0	0			
tlg0059.tlg014.perseus-eng2.xml	5755	0	0	0			
tlg0059.tlg014.perseus-grc2.xml	4196	0	0	0			
tlg0059.tlg015.perseus-eng2.xml	3132	0	0	0			
tlg0059.tlg015.perseus-grc2.xml	2235	0	0	0			
tlg0059.tlg016.perseus-eng2.xml	3424	0	0	0			
tlg0059.tlg016.perseus-grc2.xml	2388	0	0	0			
tlg0059.tlg017.perseus-eng2.xml	4915	0	0	0			
tlg0059.tlg017.perseus-grc2.xml	3455	0	0	0			
tlg0059.tlg018.perseus-eng2.xml	11095	0	0	0			
tlg0059.tlg018.perseus-grc2.xml	8289	0	0	0			
tlg0059.tlg019.perseus-eng2.xml	10710	0	0	0			
tlg0059.tlg019.perseus-grc2.xml	7648	0	0	0			
tlg0059.tlg020.perseus-eng2.xml	9718	0	0	0			
tlg0059.tlg020.perseus-grc2.xml	6894	0	0	0			
tlg0059.tlg021.perseus-eng2.xml	16959	0	0	0			
tlg0059.tlg021.perseus-grc2.xml	12363	0	0	0			
tlg0059.tlg022.perseus-eng2.xml	23507	0	0	0			
tlg0059.tlg022.perseus-grc2.xml	17390	0	0	0			
tlg0059.tlg023.perseus-eng2.xml	36755	0	0	0			
tlg0059.tlg023.perseus-grc2.xml	26189	0	0	0			
tlg0059.tlg024.perseus-eng2.xml	13142	0	0	0			
tlg0059.tlg024.perseus-grc2.xml	9683	0	0	0			
tlg0059.tlg025.perseus-eng2.xml	11478	0	0	0			
tlg0059.tlg025.perseus-grc2.xml	8433	0	0	0			
tlg0059.tlg026.perseus-eng2.xml	5692	0	0	0			
tlg0059.tlg026.perseus-grc2.xml	4189	0	0	0			
tlg0059.tlg027.perseus-eng2.xml	5204	0	0	0			
tlg0059.tlg027.perseus-grc2.xml	3864	0	0	0			
tlg0059.tlg028.perseus-eng2.xml	7255	0	0	0			
tlg0059.tlg028.perseus-grc2.xml	4799	0	0	0			
tlg0059.tlg029.perseus-eng2.xml	2447	0	0	0			
tlg0059.tlg029.perseus-grc2.xml	1545	0	0	0			
tlg0059.tlg030.perseus-eng2.xml	124433	0	0	0			
tlg0059.tlg030.perseus-grc2.xml	88266	0	0	0			
tlg0059.tlg031.perseus-eng2.xml	34948	0	0	0			
tlg0059.tlg031.perseus-grc2.xml	23637	0	0	0			
tlg0059.tlg032.perseus-eng2.xml	7219	0	0	0			
tlg0059.tlg032.perseus-grc2.xml	4941	0	0	0			
tlg0059.tlg033.perseus-eng2.xml	3756	0	0	0			
tlg0059.tlg033.perseus-grc2.xml	2834	0	0	0			
tlg0059.tlg034.perseus-eng2.xml	145117	0	0	0			
tlg0059.tlg034.perseus-grc2.xml	102821	0	0	0			
tlg0059.tlg035.perseus-eng2.xml	9156	0	0	0			
tlg0059.tlg035.perseus-grc2.xml	6280	0	0	0			
tlg0059.tlg036.perseus-eng2.xml	25545	0	0	0			
tlg0059.tlg036.perseus-grc2.xml	16910	0	0	0			
tlg0060.tlg001.perseus-grc4.xml	183034	0	0	0			
tlg0060.tlg001.perseus-grc5.xml	121334	0	0	0			
tlg0060.tlg001.perseus-grc6.xml	79258	0	0	0			
tlg0061.tlg001.perseus-eng1.xml	10430	0	0	0			
tlg0061.tlg003.perseus-eng1.xml	6708	0	0	0			
tlg0061.tlg004.perseus-eng1.xml	1135	0	0	0			
tlg0061.tlg006.perseus-eng1.xml	2800	0	0	0			
tlg0062.tlg001.perseus-eng2.xml	3945	0	0	0			
tlg0062.tlg001.perseus-eng4.xml	3792	0	0	0			
tlg0062.tlg001.perseus-grc2.xml	2882	0	0	0			
tlg0062.tlg002.perseus-eng2.xml	1281	0	0	0			
tlg0062.tlg002.perseus-grc2.xml	968	0	0	0			
tlg0062.tlg003.perseus-eng2.xml	1417	0	0	0			
tlg0062.tlg003.perseus-eng4.xml	1259	0	0	0			
tlg0062.tlg003.perseus-grc2.xml	1020	0	0	0			
tlg0062.tlg004.perseus-eng2.xml	1031	0	0	0			
tlg0062.tlg004.perseus-eng4.xml	1003	0	0	0			
tlg0062.tlg004.perseus-grc2.xml	764	0	0	0			
tlg0062.tlg005.perseus-eng2.xml	881	0	0	0			
tlg0062.tlg005.perseus-eng4.xml	710	0	0	0			
tlg0062.tlg005.perseus-grc2.xml	603	0	0	0			
tlg0062.tlg006.perseus-eng2.xml	1510	0	0	0			
tlg0062.tlg006.perseus-eng4.xml	1379	0	0	0			
tlg0062.tlg006.perseus-grc2.xml	1181	0	0	0			
tlg0062.tlg007.perseus-eng2.xml	5547	0	0	0			
tlg0062.tlg007.perseus-eng4.xml	5125	0	0	0			
tlg0062.tlg007.perseus-grc2.xml	4037	0	0	0			
tlg0062.tlg008.perseus-eng2.xml	4215	0	0	0			
tlg0062.tlg008.perseus-eng4.xml	3867	0	0	0			
tlg0062.tlg008.perseus-grc2.xml	3101	0	0	0			
tlg0062.tlg009.perseus-eng2.xml	4052	0	0	0			
tlg0062.tlg009.perseus-eng4.xml	3870	0	0	0			
tlg0062.tlg009.perseus-grc2.xml	3130	0	0	0			
tlg0062.tlg010.perseus-eng2.xml	1301	0	0	0			
tlg0062.tlg010.perseus-eng4.xml	1183	0	0	0			
tlg0062.tlg010.perseus-grc2.xml	957	0	0	0			
tlg0062.tlg011.perseus-eng2.xml	2506	0	0	0			
tlg0062.tlg011.perseus-grc2.xml	2120	0	0	0			
tlg0062.tlg012.perseus-eng2.xml	14521	0	0	0			
tlg0062.tlg012.perseus-eng4.xml	12802	0	0	0			
tlg0062.tlg012.perseus-eng5.xml	9688	0	0	0			
tlg0062.tlg012.perseus-grc2.xml	11179	0	0	0			
tlg0062.tlg013.perseus-eng2.xml	4395	0	0	0			
tlg0062.tlg013.perseus-eng4.xml	3639	0	0	0			
tlg0062.tlg013.perseus-grc2.xml	3141	0	0	0			
tlg0062.tlg014.perseus-eng2.xml	1606	0	0	0			
tlg0062.tlg014.perseus-eng4.xml	1421	0	0	0			
tlg0062.tlg014.perseus-grc2.xml	1148	0	0	0			
tlg0062.tlg015.perseus-eng2.xml	6649	0	0	0			
tlg0062.tlg015.perseus-eng4.xml	5626	0	0	0			
tlg0062.tlg015.perseus-grc2.xml	4695	0	0	0			
tlg0062.tlg016.perseus-eng2.xml	5494	0	0	0			
tlg0062.tlg016.perseus-eng4.xml	5028	0	0	0			
tlg0062.tlg016.perseus-eng5.xml	5029	0	0	0			
tlg0062.tlg016.perseus-grc2.xml	3850	0	0	0			
tlg0062.tlg017.perseus-eng2.xml	3065	0	0	0			
tlg0062.tlg017.perseus-eng4.xml	2684	0	0	0			
tlg0062.tlg017.perseus-grc2.xml	2258	0	0	0			
tlg0062.tlg018.perseus-eng2.xml	9011	0	0	0			
tlg0062.tlg018.perseus-eng4.xml	7479	0	0	0			
tlg0062.tlg018.perseus-eng5.xml	8863	0	0	0			
tlg0062.tlg018.perseus-grc2.xml	6506	0	0	0			
tlg0062.tlg019.perseus-eng2.xml	7900	0	0	0			
tlg0062.tlg019.perseus-eng4.xml	6985	0	0	0			
tlg0062.tlg019.perseus-eng5.xml	7501	0	0	0			
tlg0062.tlg019.perseus-grc2.xml	5569	0	0	0			
tlg0062.tlg020.perseus-eng2.xml	3151	0	0	0			
tlg0062.tlg020.perseus-eng4.xml	2827	0	0	0			
tlg0062.tlg020.perseus-grc2.xml	2350	0	0	0			
tlg0062.tlg021.perseus-eng2.xml	7085	0	0	0			
tlg0062.tlg021.perseus-eng4.xml	5988	0	0	0			
tlg0062.tlg021.perseus-grc2.xml	5217	0	0	0			
tlg0062.tlg022.perseus-eng2.xml	8668	0	0	0			
tlg0062.tlg022.perseus-eng4.xml	7538	0	0	0			
tlg0062.tlg022.perseus-grc2.xml	5894	0	0	0			
tlg0062.tlg023.perseus-eng2.xml	5740	0	0	0			
tlg0062.tlg023.perseus-eng4.xml	5202	0	0	0			
tlg0062.tlg023.perseus-grc2.xml	4116	0	0	0			
tlg0062.tlg024.perseus-eng2.xml	4758	0	0	0			
tlg0062.tlg024.perseus-eng4.xml	4086	0	0	0			
tlg0062.tlg024.perseus-eng5.xml	4537	0	0	0			
tlg0062.tlg024.perseus-grc2.xml	3390	0	0	0			
tlg0062.tlg025.perseus-eng2.xml	8819	0	0	0			
tlg0062.tlg025.perseus-eng4.xml	7439	0	0	0			
tlg0062.tlg025.perseus-grc2.xml	6257	0	0	0			
tlg0062.tlg026.perseus-eng2.xml	7946	0	0	0			
tlg0062.tlg026.perseus-eng4.xml	7369	0	0	0			
tlg0062.tlg026.perseus-grc2.xml	5624	0	0	0			
tlg0062.tlg027.perseus-eng2.xml	2363	0	0	0			
tlg0062.tlg027.perseus-eng4.xml	2175	0	0	0			
tlg0062.tlg027.perseus-grc2.xml	1785	0	0	0			
tlg0062.tlg028.perseus-eng2.xml	5198	0	0	0			
tlg0062.tlg028.perseus-eng4.xml	4691	0	0	0			
tlg0062.tlg028.perseus-grc2.xml	3804	0	0	0			
tlg0062.tlg029.perseus-eng2.xml	2482	0	0	0			
tlg0062.tlg029.perseus-eng4.xml	2191	0	0	0			
tlg0062.tlg029.perseus-eng5.xml	2460	0	0	0			
tlg0062.tlg029.perseus-grc2.xml	1789	0	0	0			
tlg0062.tlg030.perseus-eng2.xml	8712	0	0	0			
tlg0062.tlg030.perseus-eng4.xml	7320	0	0	0			
tlg0062.tlg030.perseus-grc2.xml	6365	0	0	0			
tlg0062.tlg031.perseus-eng2.xml	8376	0	0	0			
tlg0062.tlg031.perseus-eng4.xml	7883	0	0	0			
tlg0062.tlg031.perseus-grc2.xml	6243	0	0	0			
tlg0062.tlg032.perseus-eng2.xml	2648	0	0	0			
tlg0062.tlg032.perseus-grc2.xml	1977	0	0	0			
tlg0062.tlg033.perseus-eng2.xml	10054	0	0	0			
tlg0062.tlg033.perseus-eng4.xml	9106	0	0	0			
tlg0062.tlg033.perseus-grc2.xml	7081	0	0	0			
tlg0062.tlg034.perseus-eng2.xml	8792	0	0	0			
tlg0062.tlg034.perseus-eng4.xml	7459	0	0	0			
tlg0062.tlg034.perseus-grc2.xml	6321	0	0	0			
tlg0062.tlg035.perseus-eng2.xml	4408	0	0	0			
tlg0062.tlg035.perseus-eng4.xml	3622	0	0	0			
tlg0062.tlg035.perseus-grc2.xml	3286	0	0	0			
tlg0062.tlg036.perseus-eng2.xml	2449	0	0	0			
tlg0062.tlg036.perseus-eng4.xml	2223	0	0	0			
tlg0062.tlg036.perseus-grc2.xml	1771	0	0	0			
tlg0062.tlg037.perseus-eng2.xml	4970	0	0	0			
tlg0062.tlg037.perseus-eng4.xml	4144	0	0	0			
tlg0062.tlg037.perseus-grc2.xml	3531	0	0	0			
tlg0062.tlg038.perseus-eng2.xml	9706	0	0	0			
tlg0062.tlg038.perseus-eng4.xml	8135	0	0	0			
tlg0062.tlg038.perseus-grc2.xml	6931	0	0	0			
tlg0062.tlg039.perseus-eng2.xml	4422	0	0	0			
tlg0062.tlg039.perseus-eng4.xml	3255	0	0	0			
tlg0062.tlg039.perseus-grc2.xml	3200	0	0	0			
tlg0062.tlg040.perseus-eng2.xml	5045	0	0	0			
tlg0062.tlg040.perseus-eng4.xml	3987	0	0	0			
tlg0062.tlg040.perseus-grc2.xml	3508	0	0	0			
tlg0062.tlg041.perseus-eng2.xml	8353	0	0	0			
tlg0062.tlg041.perseus-grc2.xml	6247	0	0	0			
tlg0062.tlg042.perseus-eng2.xml	6003	0	0	0			
tlg0062.tlg042.perseus-eng4.xml	5637	0	0	0			
tlg0062.tlg042.perseus-grc2.xml	4222	0	0	0			
tlg0062.tlg043.perseus-eng2.xml	4469	0	0	0			
tlg0062.tlg043.perseus-eng4.xml	3686	0	0	0			
tlg0062.tlg043.perseus-grc2.xml	3109	0	0	0			
tlg0062.tlg044.perseus-eng2.xml	13725	0	0	0			
tlg0062.tlg044.perseus-eng4.xml	12283	0	0	0			
tlg0062.tlg044.perseus-eng5.xml	11520	0	0	0			
tlg0062.tlg044.perseus-grc2.xml	9685	0	0	0			
tlg0062.tlg045.perseus-eng2.xml	9681	0	0	0			
tlg0062.tlg045.perseus-eng4.xml	8310	0	0	0			
tlg0062.tlg045.perseus-grc2.xml	6972	0	0	0			
tlg0062.tlg046.perseus-eng2.xml	3782	0	0	0			
tlg0062.tlg046.perseus-eng4.xml	3225	0	0	0			
tlg0062.tlg046.perseus-grc2.xml	2837	0	0	0			
tlg0062.tlg047.perseus-eng2.xml	1781	0	0	0			
tlg0062.tlg047.perseus-grc2.xml	1299	0	0	0			
tlg0062.tlg048.perseus-eng2.xml	2540	0	0	0			
tlg0062.tlg048.perseus-grc2.xml	1961	0	0	0			
tlg0062.tlg049.perseus-eng2.xml	5498	0	0	0			
tlg0062.tlg049.perseus-grc2.xml	3915	0	0	0			
tlg0062.tlg050.perseus-eng2.xml	2519	0	0	0			
tlg0062.tlg050.perseus-eng4.xml	2482	0	0	0			
tlg0062.tlg050.perseus-grc2.xml	1833	0	0	0			
tlg0062.tlg051.perseus-eng2.xml	4153	0	0	0			
tlg0062.tlg051.perseus-eng4.xml	3584	0	0	0			
tlg0062.tlg051.perseus-grc2.xml	2888	0	0	0			
tlg0062.tlg052.perseus-eng2.xml	7037	0	0	0			
tlg0062.tlg052.perseus-eng4.xml	6264	0	0	0			
tlg0062.tlg052.perseus-grc2.xml	4808	0	0	0			
tlg0062.tlg053.perseus-eng3.xml	9610	0	0	0			
tlg0062.tlg053.perseus-eng4.xml	9025	0	0	0			
tlg0062.tlg053.perseus-grc2.xml	7555	0	0	0			
tlg0062.tlg053.perseus-grc3.xml	7495	0	0	0			
tlg0062.tlg054.perseus-eng3.xml	1124	0	0	0			
tlg0062.tlg054.perseus-eng4.xml	1127	0	0	0			
tlg0062.tlg054.perseus-grc2.xml	934	0	0	0			
tlg0062.tlg054.perseus-grc3.xml	929	0	0	0			
tlg0062.tlg055.perseus-eng3.xml	6953	0	0	0			
tlg0062.tlg055.perseus-eng4.xml	6417	0	0	0			
tlg0062.tlg055.perseus-grc2.xml	5220	0	0	0			
tlg0062.tlg055.perseus-grc3.xml	5177	0	0	0			
tlg0062.tlg056.perseus-eng3.xml	1145	0	0	0			
tlg0062.tlg056.perseus-eng4.xml	1156	0	0	0			
tlg0062.tlg056.perseus-grc2.xml	925	0	0	0			
tlg0062.tlg056.perseus-grc3.xml	921	0	0	0			
tlg0062.tlg057.perseus-eng3.xml	1905	0	0	0			
tlg0062.tlg057.perseus-eng4.xml	1799	0	0	0			
tlg0062.tlg057.perseus-grc2.xml	1584	0	0	0			
tlg0062.tlg057.perseus-grc3.xml	1503	0	0	0			
tlg0062.tlg058.perseus-eng3.xml	1928	0	0	0			
tlg0062.tlg058.perseus-eng4.xml	1862	0	0	0			
tlg0062.tlg058.perseus-grc2.xml	1592	0	0	0			
tlg0062.tlg058.perseus-grc3.xml	1598	0	0	0			
tlg0062.tlg059.perseus-eng3.xml	2582	0	0	0			
tlg0062.tlg059.perseus-eng4.xml	2545	0	0	0			
tlg0062.tlg059.perseus-grc2.xml	2065	0	0	0			
tlg0062.tlg059.perseus-grc3.xml	2058	0	0	0			
tlg0062.tlg060.perseus-eng3.xml	1221	0	0	0			
tlg0062.tlg060.perseus-eng4.xml	1079	0	0	0			
tlg0062.tlg060.perseus-grc2.xml	980	0	0	0			
tlg0062.tlg060.perseus-grc3.xml	979	0	0	0			
tlg0062.tlg061.perseus-eng3.xml	1081	0	0	0			
tlg0062.tlg061.perseus-eng4.xml	1092	0	0	0			
tlg0062.tlg061.perseus-grc2.xml	939	0	0	0			
tlg0062.tlg061.perseus-grc3.xml	920	0	0	0			
tlg0062.tlg062.perseus-eng3.xml	2387	0	0	0			
tlg0062.tlg062.perseus-eng4.xml	2310	0	0	0			
tlg0062.tlg062.perseus-grc2.xml	1832	0	0	0			
tlg0062.tlg062.perseus-grc3.xml	1832	0	0	0			
tlg0062.tlg063.perseus-eng3.xml	18140	0	0	0			
tlg0062.tlg063.perseus-eng4.xml	16503	0	0	0			
tlg0062.tlg063.perseus-grc2.xml	13988	0	0	0			
tlg0062.tlg063.perseus-grc3.xml	13954	0	0	0			
tlg0062.tlg064.perseus-eng3.xml	1186	0	0	0			
tlg0062.tlg064.perseus-eng4.xml	1168	0	0	0			
tlg0062.tlg064.perseus-grc2.xml	1006	0	0	0			
tlg0062.tlg064.perseus-grc3.xml	1016	0	0	0			
tlg0062.tlg065.perseus-eng3.xml	6476	0	0	0			
tlg0062.tlg065.perseus-eng4.xml	6534	0	0	0			
tlg0062.tlg065.perseus-grc2.xml	5334	0	0	0			
tlg0062.tlg065.perseus-grc3.xml	5322	0	0	0			
tlg0062.tlg066.perseus-eng3.xml	14882	0	0	0			
tlg0062.tlg066.perseus-eng4.xml	13481	0	0	0			
tlg0062.tlg066.perseus-grc2.xml	11195	0	0	0			
tlg0062.tlg066.perseus-grc3.xml	11153	0	0	0			
tlg0062.tlg067.perseus-eng3.xml	5228	0	0	0			
tlg0062.tlg067.perseus-eng4.xml	4746	0	0	0			
tlg0062.tlg067.perseus-grc2.xml	3971	0	0	0			
tlg0062.tlg067.perseus-grc3.xml	3963	0	0	0			
tlg0062.tlg068.perseus-eng3.xml	10147	0	0	0			
tlg0062.tlg068.perseus-eng4.xml	8383	0	0	0			
tlg0062.tlg068.perseus-grc2.xml	7592	0	0	0			
tlg0062.tlg068.perseus-grc3.xml	7565	0	0	0			
tlg0062.tlg069.perseus-eng3.xml	11174	0	0	0			
tlg0062.tlg069.perseus-eng4.xml	8355	0	0	0			
tlg0062.tlg069.perseus-grc2.xml	7898	0	0	0			
tlg0062.tlg069.perseus-grc3.xml	7862	0	0	0			
tlg0062.tlg070.perseus-eng4.xml	2165	0	0	0			
tlg0062.tlg070.perseus-grc2.xml	1726	0	0	0			
tlg0062.tlg071.perseus-grc2.xml	1766	0	0	0			
tlg0074.tlg001.perseus-grc2.xml	78530	0	0	0			
tlg0074.tlg002.perseus-grc2.xml	13761	0	0	0			
tlg0074.tlg003.perseus-grc2.xml	5979	0	0	0			
tlg0074.tlg004.perseus-grc2.xml	4344	0	0	0			
tlg0074.tlg005.perseus-grc2.xml	8993	0	0	0			
tlg0074.tlg006.perseus-grc2.xml	1265	0	0	0			
tlg0081.tlg001.perseus-grc2.xml	283701	0	0	0			
tlg0081.tlg002.perseus-grc2.xml	876	0	0	0			
tlg0081.tlg003.perseus-grc2.xml	7750	0	0	0			
tlg0081.tlg004.perseus-grc2.xml	6399	0	0	0			
tlg0081.tlg005.perseus-grc2.xml	5324	0	0	0			
tlg0081.tlg006.perseus-grc2.xml	21938	0	0	0			
tlg0081.tlg007.perseus-grc2.xml	233	0	0	0			
tlg0081.tlg008.perseus-grc2.xml	3409	0	0	0			
tlg0081.tlg009.perseus-grc2.xml	4202	0	0	0			
tlg0081.tlg010.perseus-grc2.xml	16851	0	0	0			
tlg0081.tlg011.perseus-grc2.xml	2606	0	0	0			
tlg0081.tlg012.perseus-grc2.xml	20783	0	0	0			
tlg0081.tlg015.perseus-grc2.xml	4299	0	0	0			
tlg0085.tlg001.perseus-eng2.xml	8382	0	0	0			
tlg0085.tlg001.perseus-grc2.xml	4957	0	0	0			
tlg0085.tlg002.perseus-eng2.xml	8886	0	0	0			
tlg0085.tlg002.perseus-grc2.xml	5207	0	0	0			
tlg0085.tlg003.perseus-eng2.xml	9477	0	0	0			
tlg0085.tlg003.perseus-grc2.xml	5928	0	0	0			
tlg0085.tlg004.perseus-eng2.xml	8843	0	0	0			
tlg0085.tlg004.perseus-grc2.xml	5101	0	0	0			
tlg0085.tlg005.perseus-eng3.xml	14064	0	0	0			
tlg0085.tlg005.perseus-eng4.xml	13965	0	0	0			
tlg0085.tlg005.perseus-grc2.xml	8226	0	0	0			
tlg0085.tlg006.perseus-eng2.xml	9471	0	0	0			
tlg0085.tlg006.perseus-grc2.xml	5443	0	0	0			
tlg0085.tlg007.perseus-eng2.xml	8577	0	0	0			
tlg0085.tlg007.perseus-grc2.xml	5302	0	0	0			
tlg0086.tlg003.perseus-grc2.xml	16646	0	0	0			
tlg0086.tlg009.perseus-eng2.xml	39154	0	0	0			
tlg0086.tlg009.perseus-grc2.xml	26242	0	0	0			
tlg0086.tlg010.perseus-eng2.xml	89518	0	0	0			
tlg0086.tlg010.perseus-grc2.xml	56395	0	0	0			
tlg0086.tlg025.perseus-eng2.xml	108316	0	0	0			
tlg0086.tlg025.perseus-grc2.xml	78502	0	0	0			
tlg0086.tlg029.perseus-eng2.xml	9536	0	0	0			
tlg0086.tlg029.perseus-grc2.xml	6239	0	0	0			
tlg0086.tlg034.digicorpus-ara1.xml	11069	0	0	0			
tlg0086.tlg034.digicorpus-grc2.xml	10228	0	0	0			
tlg0086.tlg034.perseus-eng2.xml	13617	0	0	0			
tlg0086.tlg034.perseus-grc2.xml	10188	0	0	0			
tlg0086.tlg035.perseus-eng2.xml	98798	0	0	0			
tlg0086.tlg035.perseus-grc2.xml	65466	0	0	0			
tlg0086.tlg038.perseus-eng2.xml	64180	0	0	0			
tlg0086.tlg038.perseus-grc2.xml	43281	0	0	0			
tlg0086.tlg045.perseus-grc2.xml	1487	0	0	0			
tlg0090.tlg001.opp-grc1.xml	1987	0	0	0			
tlg0090.tlg001.opp-lat1.xml	1910	0	0	0			
tlg0093.tlg009.perseus-grc2.xml	6720	0	0	0			
tlg0094.tlg001.perseus-eng2.xml	9891	0	0	0			
tlg0094.tlg002.perseus-eng2.xml	10180	0	0	0			
tlg0094.tlg002.perseus-grc2.xml	7915	0	0	0			
tlg0094.tlg003.perseus-eng2.xml	25012	0	0	0			
tlg0094.tlg003.perseus-grc2.xml	16059	0	0	0			
tlg0099.tlg001.perseus-eng3.xml	212268	0	0	0			
tlg0099.tlg001.perseus-eng4.xml	394539	0	0	0			
tlg0099.tlg001.perseus-grc2.xml	284646	0	0	0			
tlg0199.tlg001.perseus-eng2.xml	5606	0	0	0			
tlg0199.tlg001.perseus-grc2.xml	3872	0	0	0			
tlg0199.tlg002.perseus-eng2.xml	1894	0	0	0			
tlg0199.tlg002.perseus-grc2.xml	1356	0	0	0			
tlg0284.tlg001.perseus-grc2.xml	2021	0	0	0			
tlg0284.tlg002.perseus-grc2.xml	2248	0	0	0			
tlg0284.tlg003.perseus-grc2.xml	3403	0	0	0			
tlg0284.tlg004.perseus-grc2.xml	755	0	0	0			
tlg0284.tlg005.perseus-grc2.xml	1486	0	0	0			
tlg0284.tlg006.perseus-grc2.xml	1207	0	0	0			
tlg0284.tlg007.perseus-grc2.xml	1511	0	0	0			
tlg0284.tlg008.perseus-grc2.xml	2613	0	0	0			
tlg0284.tlg009.perseus-grc2.xml	2858	0	0	0			
tlg0284.tlg010.perseus-grc2.xml	2082	0	0	0			
tlg0284.tlg011.perseus-grc2.xml	1288	0	0	0			
tlg0284.tlg012.perseus-grc2.xml	2739	0	0	0			
tlg0284.tlg013.perseus-grc2.xml	28651	0	0	0			
tlg0284.tlg014.perseus-grc2.xml	8379	0	0	0			
tlg0284.tlg015.perseus-grc2.xml	1857	0	0	0			
tlg0284.tlg016.perseus-grc2.xml	3221	0	0	0			
tlg0284.tlg017.perseus-grc2.xml	1163	0	0	0			
tlg0284.tlg018.perseus-grc2.xml	1266	0	0	0			
tlg0284.tlg019.perseus-grc2.xml	1016	0	0	0			
tlg0284.tlg020.perseus-grc2.xml	728	0	0	0			
tlg0284.tlg021.perseus-grc2.xml	1666	0	0	0			
tlg0284.tlg022.perseus-grc2.xml	1109	0	0	0			
tlg0284.tlg023.perseus-grc2.xml	5172	0	0	0			
tlg0284.tlg024.perseus-grc2.xml	5738	0	0	0			
tlg0284.tlg025.perseus-grc2.xml	3475	0	0	0			
tlg0284.tlg026.perseus-grc2.xml	7945	0	0	0			
tlg0284.tlg027.perseus-grc2.xml	4439	0	0	0			
tlg0284.tlg028.perseus-grc2.xml	133	0	0	0			
tlg0284.tlg029.perseus-grc2.xml	3792	0	0	0			
tlg0284.tlg030.perseus-grc2.xml	4397	0	0	0			
tlg0284.tlg031.perseus-grc2.xml	2349	0	0	0			
tlg0284.tlg032.perseus-grc2.xml	2009	0	0	0			
tlg0284.tlg033.perseus-grc2.xml	5695	0	0	0			
tlg0284.tlg034.perseus-grc2.xml	6014	0	0	0			
tlg0284.tlg035.perseus-grc2.xml	2599	0	0	0			
tlg0284.tlg036.perseus-grc2.xml	2445	0	0	0			
tlg0284.tlg037.perseus-grc2.xml	3183	0	0	0			
tlg0284.tlg038.perseus-grc2.xml	3956	0	0	0			
tlg0284.tlg039.perseus-grc2.xml	4160	0	0	0			
tlg0284.tlg040.perseus-grc2.xml	2112	0	0	0			
tlg0284.tlg041.perseus-grc2.xml	1185	0	0	0			
tlg0284.tlg042.perseus-grc2.xml	6427	0	0	0			
tlg0284.tlg043.perseus-grc2.xml	5237	0	0	0			
tlg0284.tlg044.perseus-grc2.xml	4325	0	0	0			
tlg0284.tlg045.perseus-grc2.xml	30047	0	0	0			
tlg0284.tlg046.perseus-grc2.xml	52196	0	0	0			
tlg0284.tlg047.perseus-grc2.xml	4285	0	0	0			
tlg0284.tlg048.perseus-grc2.xml	10754	0	0	0			
tlg0284.tlg049.perseus-grc2.xml	11194	0	0	0			
tlg0284.tlg050.perseus-grc2.xml	4076	0	0	0			
tlg0284.tlg051.perseus-grc2.xml	2235	0	0	0			
tlg0284.tlg052.perseus-grc2.xml	3442	0	0	0			
tlg0284.tlg053.perseus-grc2.xml	8963	0	0	0			
tlg0284.tlg054.perseus-grc2.xml	10904	0	0	0			
tlg0284.tlg055.perseus-grc2.xml	368	0	0	0			
tlg0284.tlg056.perseus-grc2.xml	22749	0	0	0			
tlg0341.tlg002.perseus-grc2.xml	7464	0	0	0			
tlg0363.tlg007.perseus-grc2.xml	38025	0	0	0			
tlg0385.tlg001.perseus-grc2.xml	191359	0	0	0			
tlg0525.tlg001.perseus-eng2.xml	269449	0	0	0			
tlg0525.tlg001.perseus-grc2.xml	217568	0	0	0			
tlg0526.tlg001.perseus-eng2.xml	475582	0	0	0			
tlg0526.tlg001.perseus-grc2.xml	311433	0	0	0			
tlg0526.tlg002.perseus-eng2.xml	25171	0	0	0			
tlg0526.tlg002.perseus-grc2.xml	15783	0	0	0			
tlg0526.tlg003.perseus-eng2.xml	36730	0	0	0			
tlg0526.tlg003.perseus-grc2.xml	22743	0	0	0			
tlg0526.tlg004.perseus-eng2.xml	217383	0	0	0			
tlg0526.tlg004.perseus-grc2.xml	125286	0	0	0			
tlg0527.tlg001.perseus-eng2.xml	36065	0	0	0			
tlg0527.tlg002.perseus-eng2.xml	30814	0	0	0			
tlg0527.tlg003.perseus-eng2.xml	23410	0	0	0			
tlg0527.tlg004.perseus-eng2.xml	31216	0	0	0			
tlg0527.tlg005.perseus-eng2.xml	27620	0	0	0			
tlg0527.tlg006.perseus-eng2.xml	18401	0	0	0			
tlg0527.tlg008.perseus-eng2.xml	18272	0	0	0			
tlg0527.tlg010.perseus-eng2.xml	2472	0	0	0			
tlg0527.tlg011.perseus-eng2.xml	24043	0	0	0			
tlg0527.tlg012.perseus-eng2.xml	19920	0	0	0			
tlg0527.tlg013.perseus-eng2.xml	23609	0	0	0			
tlg0527.tlg014.perseus-eng2.xml	22666	0	0	0			
tlg0527.tlg015.perseus-eng2.xml	19903	0	0	0			
tlg0527.tlg016.perseus-eng2.xml	25295	0	0	0			
tlg0527.tlg018.perseus-eng3.xml	7195	0	0	0			
tlg0527.tlg018.perseus-eng4.xml	10261	0	0	0			
tlg0527.tlg019.perseus-eng2.xml	5624	0	0	0			
tlg0527.tlg027.perseus-eng2.xml	41326	0	0	0			
tlg0527.tlg029.perseus-eng2.xml	14465	0	0	0			
tlg0527.tlg030.perseus-eng2.xml	5499	0	0	0			
tlg0527.tlg031.perseus-eng2.xml	2566	0	0	0			
tlg0527.tlg032.perseus-eng2.xml	17712	0	0	0			
tlg0527.tlg036.perseus-eng2.xml	5042	0	0	0			
tlg0527.tlg037.perseus-eng2.xml	4031	0	0	0			
tlg0527.tlg038.perseus-eng2.xml	2980	0	0	0			
tlg0527.tlg039.perseus-eng2.xml	1921	0	0	0			
tlg0527.tlg040.perseus-eng2.xml	616	0	0	0			
tlg0527.tlg041.perseus-eng2.xml	1263	0	0	0			
tlg0527.tlg042.perseus-eng2.xml	1194	0	0	0			
tlg0527.tlg043.perseus-eng2.xml	1375	0	0	0			
tlg0527.tlg044.perseus-eng2.xml	1554	0	0	0			
tlg0527.tlg045.perseus-eng2.xml	1034	0	0	0			
tlg0527.tlg046.perseus-eng2.xml	6057	0	0	0			
tlg0527.tlg047.perseus-eng2.xml	1686	0	0	0			
tlg0527.tlg048.perseus-eng2.xml	36103	0	0	0			
tlg0527.tlg049.perseus-eng2.xml	41825	0	0	0			
tlg0527.tlg051.perseus-eng2.xml	3379	0	0	0			
tlg0527.tlg053.perseus-eng2.xml	38778	0	0	0			
tlg0527.tlg056.perseus-eng2.xml	11515	0	0	0			
tlg0532.tlg001.perseus-grc2.xml	41524	0	0	0			
tlg0533.tlg003.perseus-grc2.xml	1948	0	0	0			
tlg0533.tlg004.perseus-grc2.xml	2303	0	0	0			
tlg0533.tlg015.perseus-grc3.xml	703	0	0	0			
tlg0533.tlg015.perseus-grc4.xml	705	0	0	0			
tlg0533.tlg016.perseus-grc3.xml	782	0	0	0			
tlg0533.tlg016.perseus-grc4.xml	785	0	0	0			
tlg0533.tlg017.perseus-grc3.xml	1854	0	0	0			
tlg0533.tlg017.perseus-grc4.xml	1851	0	0	0			
tlg0533.tlg018.perseus-grc3.xml	2165	0	0	0			
tlg0533.tlg018.perseus-grc4.xml	2167	0	0	0			
tlg0533.tlg019.perseus-grc3.xml	919	0	0	0			
tlg0533.tlg019.perseus-grc4.xml	919	0	0	0			
tlg0533.tlg020.perseus-grc3.xml	968	0	0	0			
tlg0533.tlg020.perseus-grc4.xml	972	0	0	0			
tlg0535.tlg001.perseus-eng2.xml	2703	0	0	0			
tlg0535.tlg001.perseus-grc2.xml	2004	0	0	0			
tlg0540.tlg001.perseus-eng2.xml	3377	0	0	0			
tlg0540.tlg001.perseus-grc2.xml	2406	0	0	0			
tlg0540.tlg002.perseus-eng2.xml	5679	0	0	0			
tlg0540.tlg002.perseus-grc2.xml	4064	0	0	0			
tlg0540.tlg003.perseus-eng2.xml	3198	0	0	0			
tlg0540.tlg003.perseus-grc2.xml	2178	0	0	0			
tlg0540.tlg004.perseus-eng2.xml	1491	0	0	0			
tlg0540.tlg004.perseus-grc2.xml	947	0	0	0			
tlg0540.tlg005.perseus-eng2.xml	419	0	0	0			
tlg0540.tlg005.perseus-grc2.xml	278	0	0	0			
tlg0540.tlg006.perseus-eng2.xml	3984	0	0	0			
tlg0540.tlg006.perseus-grc2.xml	2600	0	0	0			
tlg0540.tlg007.perseus-eng2.xml	3051	0	0	0			
tlg0540.tlg007.perseus-grc2.xml	2027	0	0	0			
tlg0540.tlg008.perseus-eng2.xml	1611	0	0	0			
tlg0540.tlg008.perseus-grc2.xml	1038	0	0	0			
tlg0540.tlg009.perseus-eng2.xml	1428	0	0	0			
tlg0540.tlg009.perseus-grc2.xml	871	0	0	0			
tlg0540.tlg010.perseus-eng2.xml	2120	0	0	0			
tlg0540.tlg010.perseus-grc2.xml	1490	0	0	0			
tlg0540.tlg011.perseus-eng2.xml	839	0	0	0			
tlg0540.tlg011.perseus-grc2.xml	549	0	0	0			
tlg0540.tlg012.perseus-eng2.xml	7280	0	0	0			
tlg0540.tlg012.perseus-grc2.xml	4843	0	0	0			
tlg0540.tlg013.perseus-eng2.xml	6936	0	0	0			
tlg0540.tlg013.perseus-grc2.xml	4794	0	0	0			
tlg0540.tlg014.perseus-eng2.xml	3546	0	0	0			
tlg0540.tlg014.perseus-grc2.xml	2414	0	0	0			
tlg0540.tlg015.perseus-eng2.xml	912	0	0	0			
tlg0540.tlg015.perseus-grc2.xml	601	0	0	0			
tlg0540.tlg016.perseus-eng2.xml	1715	0	0	0			
tlg0540.tlg016.perseus-grc2.xml	1143	0	0	0			
tlg0540.tlg017.perseus-eng2.xml	864	0	0	0			
tlg0540.tlg017.perseus-grc2.xml	584	0	0	0			
tlg0540.tlg018.perseus-eng2.xml	1921	0	0	0			
tlg0540.tlg018.perseus-grc2.xml	1346	0	0	0			
tlg0540.tlg019.perseus-eng2.xml	4593	0	0	0			
tlg0540.tlg019.perseus-grc2.xml	3102	0	0	0			
tlg0540.tlg020.perseus-eng2.xml	2838	0	0	0			
tlg0540.tlg020.perseus-grc2.xml	1910	0	0	0			
tlg0540.tlg021.perseus-eng2.xml	1938	0	0	0			
tlg0540.tlg021.perseus-grc2.xml	1295	0	0	0			
tlg0540.tlg022.perseus-eng2.xml	1670	0	0	0			
tlg0540.tlg022.perseus-grc2.xml	1123	0	0	0			
tlg0540.tlg023.perseus-eng2.xml	1184	0	0	0			
tlg0540.tlg023.perseus-grc2.xml	772	0	0	0			
tlg0540.tlg024.perseus-eng2.xml	2098	0	0	0			
tlg0540.tlg024.perseus-grc2.xml	1422	0	0	0			
tlg0540.tlg025.perseus-eng2.xml	2966	0	0	0			
tlg0540.tlg025.perseus-grc2.xml	2019	0	0	0			
tlg0540.tlg026.perseus-eng2.xml	2119	0	0	0			
tlg0540.tlg026.perseus-grc2.xml	1380	0	0	0			
tlg0540.tlg027.perseus-eng2.xml	1141	0	0	0			
tlg0540.tlg027.perseus-grc2.xml	749	0	0	0			
tlg0540.tlg028.perseus-eng2.xml	1279	0	0	0			
tlg0540.tlg028.perseus-grc2.xml	911	0	0	0			
tlg0540.tlg029.perseus-eng2.xml	995	0	0	0			
tlg0540.tlg029.perseus-grc2.xml	661	0	0	0			
tlg0540.tlg030.perseus-eng2.xml	2799	0	0	0			
tlg0540.tlg030.perseus-grc2.xml	1881	0	0	0			
tlg0540.tlg031.perseus-eng2.xml	2656	0	0	0			
tlg0540.tlg031.perseus-grc2.xml	1818	0	0	0			
tlg0540.tlg032.perseus-eng2.xml	2438	0	0	0			
tlg0540.tlg032.perseus-grc2.xml	1694	0	0	0			
tlg0540.tlg033.perseus-eng2.xml	585	0	0	0			
tlg0540.tlg033.perseus-grc2.xml	433	0	0	0			
tlg0540.tlg034.perseus-eng2.xml	849	0	0	0			
tlg0540.tlg034.perseus-grc2.xml	553	0	0	0			
tlg0543.tlg001.perseus-eng2.xml	414584	0	0	0			
tlg0543.tlg001.perseus-grc2.xml	312934	0	0	0			
tlg0545.tlg001.perseus-grc2.xml	103266	0	0	0			
tlg0545.tlg002.perseus-grc2.xml	38543	0	0	0			
tlg0545.tlg003.perseus-grc2.xml	2181	0	0	0			
tlg0548.tlg001.perseus-eng2.xml	38319	0	0	0			
tlg0548.tlg001.perseus-grc2.xml	26993	0	0	0			
tlg0548.tlg002.perseus-eng2.xml	11387	0	0	0			
tlg0548.tlg002.perseus-grc2.xml	7905	0	0	0			
tlg0551.tlg001.perseus-eng2.xml	2980	0	0	0			
tlg0551.tlg002.perseus-eng2.xml	1126	0	0	0			
tlg0551.tlg002.perseus-grc2.xml	864	0	0	0			
tlg0551.tlg003.perseus-eng2.xml	1643	0	0	0			
tlg0551.tlg003.perseus-grc2.xml	1119	0	0	0			
tlg0551.tlg004.perseus-eng2.xml	4925	0	0	0			
tlg0551.tlg004.perseus-grc2.xml	3451	0	0	0			
tlg0551.tlg005.perseus-eng2.xml	2830	0	0	0			
tlg0551.tlg005.perseus-grc2.xml	2134	0	0	0			
tlg0551.tlg006.perseus-eng2.xml	1431	0	0	0			
tlg0551.tlg006.perseus-grc2.xml	950	0	0	0			
tlg0551.tlg007.perseus-eng2.xml	22268	0	0	0			
tlg0551.tlg007.perseus-grc2.xml	15987	0	0	0			
tlg0551.tlg008.perseus-eng2.xml	14168	0	0	0			
tlg0551.tlg008.perseus-grc2.xml	9668	0	0	0			
tlg0551.tlg009.perseus-eng2.xml	36585	0	0	0			
tlg0551.tlg009.perseus-grc2.xml	25073	0	0	0			
tlg0551.tlg010.perseus-eng2.xml	518	0	0	0			
tlg0551.tlg010.perseus-grc2.xml	384	0	0	0			
tlg0551.tlg011.perseus-eng2.xml	5160	0	0	0			
tlg0551.tlg011.perseus-grc2.xml	3665	0	0	0			
tlg0551.tlg012.perseus-eng2.xml	6564	0	0	0			
tlg0551.tlg012.perseus-grc2.xml	4838	0	0	0			
tlg0551.tlg013.perseus-eng2.xml	18505	0	0	0			
tlg0551.tlg013.perseus-grc2.xml	13684	0	0	0			
tlg0551.tlg014.perseus-eng2.xml	33417	0	0	0			
tlg0551.tlg014.perseus-grc2.xml	24015	0	0	0			
tlg0551.tlg017.perseus-eng2.xml	169244	0	0	0			
tlg0551.tlg017.perseus-grc2.xml	116930	0	0	0			
tlg0554.tlg001.perseus-grc1.xml	34727	0	0	0			
tlg0555.tlg001.perseus-grc2.xml	23289	0	0	0			
tlg0555.tlg004.perseus-grc2.xml	162060	0	0	0			
tlg0555.tlg006.perseus-grc2.xml	9182	0	0	0			
tlg0555.tlg008.perseus-grc2.xml	678	0	0	0			
tlg0556.tlg001.perseus-grc2.xml	6655	0	0	0			
tlg0557.tlg001.perseus-eng3.xml	118530	0	0	0			
tlg0557.tlg001.perseus-eng4.xml	104585	0	0	0			
tlg0557.tlg001.perseus-grc2.xml	75137	0	0	0			
tlg0557.tlg002.perseus-eng3.xml	8157	0	0	0			
tlg0557.tlg002.perseus-eng4.xml	6657	0	0	0			
tlg0557.tlg002.perseus-grc2.xml	4988	0	0	0			
tlg0557.tlg003.perseus-grc2.xml	1917	0	0	0			
tlg0557.tlg003a.perseus-eng3.xml	8074	0	0	0			
tlg0557.tlg003a.perseus-eng4.xml	6256	0	0	0			
tlg0557.tlg004.perseus-grc2.xml	285	0	0	0			
tlg0557.tlg005.perseus-grc2.xml	1848	0	0	0			
tlg0560.tlg001.perseus-grc2.xml	12680	0	0	0			
tlg0561.tlg001.perseus-grc2.xml	19748	0	0	0			
tlg0562.tlg001.perseus-grc2.xml	29207	0	0	0			
tlg0612.tlg001.perseus-grc2.xml	173933	0	0	0			
tlg0613.tlg001.perseus-grc2.xml	15421	0	0	0			
tlg0627.tlg001.perseus-eng3.xml	7228	0	0	0			
tlg0627.tlg001.perseus-eng4.xml	7336	0	0	0			
tlg0627.tlg001.perseus-grc2.xml	5528	0	0	0			
tlg0627.tlg002.perseus-eng3.xml	9195	0	0	0			
tlg0627.tlg002.perseus-eng4.xml	8411	0	0	0			
tlg0627.tlg002.perseus-grc2.xml	7491	0	0	0			
tlg0627.tlg003.perseus-eng2.xml	6442	0	0	0			
tlg0627.tlg003.perseus-grc2.xml	5220	0	0	0			
tlg0627.tlg004.perseus-eng2.xml	16059	0	0	0			
tlg0627.tlg004.perseus-grc2.xml	6135	0	0	0			
tlg0627.tlg005.perseus-grc2.xml	5225	0	0	0			
tlg0627.tlg006.perseus-eng3.xml	16616	0	0	0			
tlg0627.tlg006.perseus-eng4.xml	14896	0	0	0			
tlg0627.tlg006.perseus-grc2.xml	10836	0	0	0			
tlg0627.tlg007.perseus-eng2.xml	6156	0	0	0			
tlg0627.tlg007.perseus-grc2.xml	4998	0	0	0			
tlg0627.tlg008.perseus-eng2.xml	3702	0	0	0			
tlg0627.tlg008.perseus-grc2.xml	2148	0	0	0			
tlg0627.tlg009.perseus-eng2.xml	15740	0	0	0			
tlg0627.tlg009.perseus-grc2.xml	11248	0	0	0			
tlg0627.tlg010.perseus-eng2.xml	28278	0	0	0			
tlg0627.tlg010.perseus-grc2.xml	21333	0	0	0			
tlg0627.tlg011.perseus-eng2.xml	8142	0	0	0			
tlg0627.tlg011.perseus-grc2.xml	4961	0	0	0			
tlg0627.tlg012.perseus-eng2.xml	10003	0	0	0			
tlg0627.tlg012.perseus-grc2.xml	7078	0	0	0			
tlg0627.tlg013.perseus-eng4.xml	363	0	0	0			
tlg0627.tlg013.perseus-eng5.xml	337	0	0	0			
tlg0627.tlg013.perseus-grc2.xml	251	0	0	0			
tlg0627.tlg014.perseus-eng2.xml	471	0	0	0			
tlg0627.tlg027.perseus-eng2.xml	6016	0	0	0			
tlg0627.tlg027.perseus-grc2.xml	4720	0	0	0			
tlg0627.tlg028.perseus-eng2.xml	4700	0	0	0			
tlg0627.tlg028.perseus-grc2.xml	3325	0	0	0			
tlg0627.tlg029.perseus-eng2.xml	1341	0	0	0			
tlg0627.tlg029.perseus-grc2.xml	899	0	0	0			
tlg0627.tlg030.perseus-eng2.xml	2268	0	0	0			
tlg0627.tlg030.perseus-grc2.xml	1547	0	0	0			
tlg0627.tlg046.perseus-eng2.xml	1677	0	0	0			
tlg0627.tlg046.perseus-grc2.xml	1309	0	0	0			
tlg0627.tlg051.perseus-eng2.xml	2050	0	0	0			
tlg0627.tlg051.perseus-grc2.xml	1349	0	0	0			
tlg0638.tlg001.perseus-grc2.xml	83863	0	0	0			
tlg0638.tlg003.perseus-grc2.xml	29065	0	0	0			
tlg0638.tlg004.perseus-grc2.xml	21765	0	0	0			
tlg0638.tlg005.perseus-grc2.xml	992	0	0	0			
tlg0638.tlg006.perseus-grc2.xml	7591	0	0	0			
tlg0638.tlg007.perseus-grc2.xml	7637	0	0	0			
tlg0641.tlg001.perseus-grc2.xml	16465	0	0	0			
tlg0646.tlg004.perseus-eng1.xml	3810	0	0	0			
tlg0647.tlg001.perseus-grc2.xml	4230	0	0	0			
tlg0648.tlg001.perseus-grc2.xml	11547	0	0	0			
tlg0652.tlg001.perseus-grc2.xml	7177	0	0	0			
tlg0653.tlg001.perseus-grc2.xml	7752	0	0	0			
tlg0655.tlg001.perseus-grc2.xml	6592	0	0	0			
tlg0719.tlg001.perseus-eng2.xml	13238	0	0	0			
tlg0719.tlg001.perseus-grc2.xml	9529	0	0	0			
tlg0719.tlg002.perseus-eng2.xml	24449	0	0	0			
tlg0719.tlg002.perseus-grc2.xml	17240	0	0	0			
tlg0719.tlg003.perseus-eng2.xml	23796	0	0	0			
tlg0719.tlg003.perseus-grc2.xml	16325	0	0	0			
tlg0719.tlg004.perseus-eng2.xml	11875	0	0	0			
tlg0719.tlg004.perseus-grc2.xml	8072	0	0	0			
tlg1216.tlg001.perseus-eng1.xml	9162	0	0	0			
tlg1216.tlg001.perseus-grc2.xml	6715	0	0	0			
tlg1271.tlg001.perseus-eng1.xml	12848	0	0	0			
tlg1271.tlg002.perseus-eng1.xml	4037	0	0	0			
tlg1311.tlg001.perseus-eng1.xml	2871	0	0	0			
tlg1389.tlg001.perseus-grc2.xml	39030	0	0	0			
tlg1419.tlg001.perseus-eng1.xml	36344	0	0	0			
tlg1443.tlg001.perseus-eng1.xml	11036	0	0	0			
tlg1484.tlg001.perseus-eng1.xml	3559	0	0	0			
tlg1600.tlg001.perseus-grc2.xml	23022	0	0	0			
tlg1622.tlg001.perseus-eng1.xml	2119	0	0	0			
tlg1799.tlg001.perseus-eng2.xml	173529	0	0	0			
tlg1799.tlg001.perseus-grc2.xml	150228	0	0	0			
tlg2003.tlg001.perseus-grc2.xml	11591	0	0	0			
tlg2003.tlg002.perseus-grc2.xml	6856	0	0	0			
tlg2003.tlg003.perseus-grc2.xml	13040	0	0	0			
tlg2003.tlg004.perseus-grc2.xml	3036	0	0	0			
tlg2003.tlg005.perseus-grc2.xml	4661	0	0	0			
tlg2003.tlg006.perseus-grc2.xml	3306	0	0	0			
tlg2003.tlg007.perseus-grc2.xml	8844	0	0	0			
tlg2003.tlg008.perseus-grc2.xml	5758	0	0	0			
tlg2003.tlg009.perseus-grc2.xml	5658	0	0	0			
tlg2003.tlg010.perseus-grc2.xml	6713	0	0	0			
tlg2003.tlg011.perseus-grc2.xml	7457	0	0	0			
tlg2003.tlg012.perseus-grc2.xml	8311	0	0	0			
tlg2003.tlg013.perseus-grc2.xml	27367	0	0	0			
tlg2003.tlg017.perseus-grc2.xml	10653	0	0	0			
tlg2018.tlg002.perseus-grc2.xml	100501	0	0	0			
tlg2040.tlg002.perseus-grc2.xml	4694	0	0	0			
tlg2040.tlg004.perseus-grc2.xml	134845	0	0	0			
tlg2045.tlg001.perseus-grc2.xml	127564	0	0	0			
tlg2046.tlg001.perseus-grc2.xml	60089	0	0	0			
tlg2934.tlg066.perseus-grc2.xml	64571	0	0	0			
tlg3135.tlg001.opp-grc3.xml	100882	0	0	0			
tlg4029.tlg001.perseus-grc2.xml	224528	0	0	0			
tlg4029.tlg002.perseus-grc2.xml	32219	0	0	0			
tlg4036.tlg023.cypria-grc1.xml	641	0	0	0			
tlg4081.tlg001.perseus-grc2.xml	2329	0	0	0			
tlg4091.tlg001.perseus-grc2.xml	3964	0	0	0			
tlg7000.tlg001.perseus-grc10.xml	21133	0	0	0			
tlg7000.tlg001.perseus-grc6.xml	31797	0	0	0			
tlg7000.tlg001.perseus-grc7.xml	32284	0	0	0			
tlg7000.tlg001.perseus-grc8.xml	27181	0	0	0			
tlg7000.tlg001.perseus-grc9.xml	25984	0	0	0			

# Files processed : 1612
# Files failed    : 0
# Total tokens    : 24,031,688
# Total errors    : 0
# Total warnings  : 0
# Elapsed         : 293.2s
